Confirmado,Mortes,Mortalidade,Estado,Atualizado,Created
4501,97,"2,16%",AC,25/05/2020,26/05/2020 - 18:05:54:73
6682,337,"5,04%",AL,25/05/2020,26/05/2020 - 18:05:54:717
6584,168,"2,55%",AP,25/05/2020,26/05/2020 - 18:05:55:226
29867,1758,"5,89%",AM,24/05/2020,26/05/2020 - 18:05:55:607
14204,477,"3,36%",BA,25/05/2020,26/05/2020 - 18:05:56:90
36185,2493,"6,89%",CE,25/05/2020,26/05/2020 - 18:05:56:493
6930,114,"1,65%",DF,25/05/2020,26/05/2020 - 18:05:56:887
10007,447,"4,47%",ES,24/05/2020,26/05/2020 - 18:05:57:468
2515,96,"3,82%",GO,25/05/2020,26/05/2020 - 18:05:57:862
24278,817,"3,37%",MA,25/05/2020,26/05/2020 - 18:05:58:489
1594,42,"2,63%",MT,25/05/2020,26/05/2020 - 18:05:58:871
1023,17,"1,66%",MS,24/05/2020,26/05/2020 - 18:05:59:496
6962,230,"3,30%",MG,25/05/2020,26/05/2020 - 18:05:59:921
27366,2431,"8,88%",PA,25/05/2020,26/05/2020 - 18:05:00:303
8016,279,"3,48%",PB,25/05/2020,26/05/2020 - 18:05:00:682
28366,2248,"7,92%",PE,25/05/2020,26/05/2020 - 18:05:01:67
3720,119,"3,20%",PI,25/05/2020,26/05/2020 - 18:05:01:467
3384,160,"4,73%",PR,25/05/2020,26/05/2020 - 18:05:01:921
39298,4105,"10,45%",RJ,25/05/2020,26/05/2020 - 18:05:02:411
4774,212,"4,44%",RN,24/05/2020,26/05/2020 - 18:05:02:806
6559,197,"3,00%",RS,25/05/2020,26/05/2020 - 18:05:03:256
3201,121,"3,78%",RO,24/05/2020,26/05/2020 - 18:05:03:982
2564,86,"3,35%",RR,25/05/2020,26/05/2020 - 18:05:04:466
6875,109,"1,59%",SC,25/05/2020,26/05/2020 - 18:05:04:921
83625,6220,"7,44%",SP,25/05/2020,26/05/2020 - 18:05:05:444
5448,103,"1,89%",SE,25/05/2020,26/05/2020 - 18:05:06:247
2696,58,"2,15%",TO,25/05/2020,26/05/2020 - 18:05:06:672
4501,97,"2,16%",AC,25/05/2020,27/05/2020 - 11:05:15:112
7058,352,"4,99%",AL,26/05/2020,27/05/2020 - 11:05:15:583
6967,173,"2,48%",AP,26/05/2020,27/05/2020 - 11:05:16:106
29867,1758,"5,89%",AM,24/05/2020,27/05/2020 - 11:05:16:579
14204,477,"3,36%",BA,25/05/2020,27/05/2020 - 11:05:17:145
36185,2493,"6,89%",CE,25/05/2020,27/05/2020 - 11:05:17:953
7210,124,"1,72%",DF,26/05/2020,27/05/2020 - 11:05:18:368
10365,465,"4,49%",ES,25/05/2020,27/05/2020 - 11:05:18:972
2706,104,"3,84%",GO,26/05/2020,27/05/2020 - 11:05:19:519
24278,817,"3,37%",MA,25/05/2020,27/05/2020 - 11:05:19:958
1744,43,"2,47%",MT,26/05/2020,27/05/2020 - 11:05:20:397
1100,17,"1,55%",MS,25/05/2020,27/05/2020 - 11:05:20:837
6962,230,"3,30%",MG,25/05/2020,27/05/2020 - 11:05:21:305
27366,2431,"8,88%",PA,25/05/2020,27/05/2020 - 11:05:21:732
8016,279,"3,48%",PB,25/05/2020,27/05/2020 - 11:05:22:273
28854,2328,"8,07%",PE,26/05/2020,27/05/2020 - 11:05:22:702
3966,134,"3,38%",PI,26/05/2020,27/05/2020 - 11:05:23:148
3384,160,"4,73%",PR,25/05/2020,27/05/2020 - 11:05:23:601
39298,4105,"10,45%",RJ,25/05/2020,27/05/2020 - 11:05:24:41
5472,220,"4,02%",RN,25/05/2020,27/05/2020 - 11:05:24:488
6785,203,"2,99%",RS,26/05/2020,27/05/2020 - 11:05:24:985
3268,121,"3,70%",RO,25/05/2020,27/05/2020 - 11:05:25:465
2564,86,"3,35%",RR,25/05/2020,27/05/2020 - 11:05:26:126
7016,121,"1,72%",SC,26/05/2020,27/05/2020 - 11:05:26:584
86017,6423,"7,47%",SP,26/05/2020,27/05/2020 - 11:05:27:152
5448,103,"1,89%",SE,25/05/2020,27/05/2020 - 11:05:27:563
2858,64,"2,24%",TO,26/05/2020,27/05/2020 - 11:05:27:982
4501,97,"2,16%",AC,25/05/2020,28/05/2020 - 11:05:15:125
7580,368,"4,85%",AL,27/05/2020,28/05/2020 - 11:05:15:677
7619,183,"2,40%",AP,27/05/2020,28/05/2020 - 11:05:16:118
29867,1758,"5,89%",AM,24/05/2020,28/05/2020 - 11:05:16:590
14566,495,"3,40%",BA,26/05/2020,28/05/2020 - 11:05:17:34
37021,2603,"7,03%",CE,26/05/2020,28/05/2020 - 11:05:17:497
7761,133,"1,71%",DF,27/05/2020,28/05/2020 - 11:05:17:883
10365,465,"4,49%",ES,25/05/2020,28/05/2020 - 11:05:18:291
2906,108,"3,72%",GO,27/05/2020,28/05/2020 - 11:05:18:995
26145,853,"3,26%",MA,26/05/2020,28/05/2020 - 11:05:19:441
1909,47,"2,46%",MT,27/05/2020,28/05/2020 - 11:05:19:919
1186,18,"1,52%",MS,26/05/2020,28/05/2020 - 11:05:20:327
8011,240,"3,00%",MG,27/05/2020,28/05/2020 - 11:05:20:964
31671,2605,"8,23%",PA,27/05/2020,28/05/2020 - 11:05:21:605
8919,286,"3,21%",PB,26/05/2020,28/05/2020 - 11:05:22:184
29919,2468,"8,25%",PE,27/05/2020,28/05/2020 - 11:05:22:758
4243,138,"3,25%",PI,27/05/2020,28/05/2020 - 11:05:23:190
3768,167,"4,43%",PR,27/05/2020,28/05/2020 - 11:05:23:642
42398,4605,"10,86%",RJ,27/05/2020,28/05/2020 - 11:05:24:346
5630,242,"4,30%",RN,26/05/2020,28/05/2020 - 11:05:24:810
7048,209,"2,97%",RS,27/05/2020,28/05/2020 - 11:05:25:302
3493,133,"3,81%",RO,26/05/2020,28/05/2020 - 11:05:25:794
2564,86,"3,35%",RR,25/05/2020,28/05/2020 - 11:05:26:272
7372,126,"1,71%",SC,27/05/2020,28/05/2020 - 11:05:26:812
89483,6712,"7,50%",SP,27/05/2020,28/05/2020 - 11:05:27:327
5448,103,"1,89%",SE,25/05/2020,28/05/2020 - 11:05:27:760
2858,64,"2,24%",TO,26/05/2020,28/05/2020 - 11:05:28:153
4501,97,"2,16%",AC,25/05/2020,29/05/2020 - 11:05:16:655
8056,385,"4,78%",AL,28/05/2020,29/05/2020 - 11:05:20:898
8152,198,"2,43%",AP,28/05/2020,29/05/2020 - 11:05:21:324
33508,1891,"5,64%",AM,27/05/2020,29/05/2020 - 11:05:21:766
15070,531,"3,52%",BA,27/05/2020,29/05/2020 - 11:05:22:312
37821,2733,"7,23%",CE,28/05/2020,29/05/2020 - 11:05:22:737
8300,142,"1,71%",DF,28/05/2020,29/05/2020 - 11:05:23:166
11484,511,"4,45%",ES,27/05/2020,29/05/2020 - 11:05:23:606
3101,115,"3,71%",GO,28/05/2020,29/05/2020 - 11:05:24:173
27979,887,"3,17%",MA,27/05/2020,29/05/2020 - 11:05:24:607
1909,47,"2,46%",MT,27/05/2020,29/05/2020 - 11:05:25:31
1262,18,"1,43%",MS,27/05/2020,29/05/2020 - 11:05:25:440
8686,255,"2,94%",MG,28/05/2020,29/05/2020 - 11:05:26:30
31671,2605,"8,23%",PA,27/05/2020,29/05/2020 - 11:05:26:513
10209,298,"2,92%",PB,27/05/2020,29/05/2020 - 11:05:26:915
30713,2566,"8,35%",PE,28/05/2020,29/05/2020 - 11:05:27:325
4503,146,"3,24%",PI,28/05/2020,29/05/2020 - 11:05:27:886
4041,174,"4,31%",PR,28/05/2020,29/05/2020 - 11:05:28:330
42398,4605,"10,86%",RJ,27/05/2020,29/05/2020 - 11:05:28:840
5630,242,"4,30%",RN,26/05/2020,29/05/2020 - 11:05:29:256
8234,213,"2,59%",RS,28/05/2020,29/05/2020 - 11:05:29:853
3862,137,"3,55%",RO,27/05/2020,29/05/2020 - 11:05:30:268
2564,86,"3,35%",RR,25/05/2020,29/05/2020 - 11:05:30:658
8000,131,"1,64%",SC,28/05/2020,29/05/2020 - 11:05:31:78
95865,6980,"7,28%",SP,28/05/2020,29/05/2020 - 11:05:31:583
5912,127,"2,15%",SE,27/05/2020,29/05/2020 - 11:05:32:19
2858,64,"2,24%",TO,26/05/2020,29/05/2020 - 11:05:32:421
4501,97,"2,16%",AC,25/05/2020,30/05/2020 - 11:05:19:480
8619,406,"4,71%",AL,29/05/2020,30/05/2020 - 11:05:49:972
8469,207,"2,44%",AP,29/05/2020,30/05/2020 - 11:05:04:981
36146,1964,"5,43%",AM,28/05/2020,30/05/2020 - 11:05:05:447
16917,609,"3,60%",BA,29/05/2020,30/05/2020 - 11:05:05:990
38395,2859,"7,45%",CE,29/05/2020,30/05/2020 - 11:05:06:410
8722,154,"1,77%",DF,29/05/2020,30/05/2020 - 11:05:06:793
12903,560,"4,34%",ES,29/05/2020,30/05/2020 - 11:05:07:475
3521,119,"3,38%",GO,29/05/2020,30/05/2020 - 11:05:07:883
32620,932,"2,86%",MA,29/05/2020,30/05/2020 - 11:05:08:270
1909,47,"2,46%",MT,27/05/2020,30/05/2020 - 11:05:08:675
1356,18,"1,33%",MS,28/05/2020,30/05/2020 - 11:05:09:114
9232,257,"2,78%",MG,29/05/2020,30/05/2020 - 11:05:09:528
37296,2900,"7,78%",PA,29/05/2020,30/05/2020 - 11:05:09:907
12011,327,"2,72%",PB,29/05/2020,30/05/2020 - 11:05:10:302
32255,2669,"8,27%",PE,29/05/2020,30/05/2020 - 11:05:10:702
4745,157,"3,31%",PI,29/05/2020,30/05/2020 - 11:05:11:188
4300,178,"4,14%",PR,29/05/2020,30/05/2020 - 11:05:11:655
44886,4856,"10,82%",RJ,28/05/2020,30/05/2020 - 11:05:12:79
6463,268,"4,15%",RN,28/05/2020,30/05/2020 - 11:05:12:494
8843,216,"2,44%",RS,29/05/2020,30/05/2020 - 11:05:12:953
4502,145,"3,22%",RO,29/05/2020,30/05/2020 - 11:05:13:399
2564,86,"3,35%",RR,25/05/2020,30/05/2020 - 11:05:13:841
8000,131,"1,64%",SC,28/05/2020,30/05/2020 - 11:05:14:227
101556,7275,"7,16%",SP,29/05/2020,30/05/2020 - 11:05:14:706
5912,127,"2,15%",SE,27/05/2020,30/05/2020 - 11:05:15:104
2858,64,"2,24%",TO,26/05/2020,30/05/2020 - 11:05:15:482
5841,135,"2,31%",AC,29/05/2020,31/05/2020 - 11:05:14:923
9223,424,"4,60%",AL,30/05/2020,31/05/2020 - 11:05:15:404
9313,215,"2,31%",AP,30/05/2020,31/05/2020 - 11:05:15:884
38909,2011,"5,17%",AM,29/05/2020,31/05/2020 - 11:05:16:328
16917,609,"3,60%",BA,29/05/2020,31/05/2020 - 11:05:18:249
47822,2956,"6,18%",CE,30/05/2020,31/05/2020 - 11:05:18:652
8722,154,"1,77%",DF,29/05/2020,31/05/2020 - 11:05:19:17
12903,560,"4,34%",ES,29/05/2020,31/05/2020 - 11:05:19:475
3521,119,"3,38%",GO,29/05/2020,31/05/2020 - 11:05:19:895
32620,932,"2,86%",MA,29/05/2020,31/05/2020 - 11:05:20:443
2411,58,"2,41%",MT,30/05/2020,31/05/2020 - 11:05:20:954
1418,19,"1,34%",MS,29/05/2020,31/05/2020 - 11:05:21:322
9630,263,"2,73%",MG,30/05/2020,31/05/2020 - 11:05:21:757
37296,2900,"7,78%",PA,29/05/2020,31/05/2020 - 11:05:22:151
12862,346,"2,69%",PB,30/05/2020,31/05/2020 - 11:05:22:543
33427,2740,"8,20%",PE,30/05/2020,31/05/2020 - 11:05:22:922
4931,161,"3,27%",PI,30/05/2020,31/05/2020 - 11:05:23:301
4300,178,"4,14%",PR,29/05/2020,31/05/2020 - 11:05:23:704
47953,5079,"10,59%",RJ,29/05/2020,31/05/2020 - 11:05:24:112
6463,268,"4,15%",RN,28/05/2020,31/05/2020 - 11:05:24:713
9242,218,"2,36%",RS,30/05/2020,31/05/2020 - 11:05:25:137
4502,145,"3,22%",RO,29/05/2020,31/05/2020 - 11:05:25:541
2564,86,"3,35%",RR,25/05/2020,31/05/2020 - 11:05:25:932
8530,134,"1,57%",SC,29/05/2020,31/05/2020 - 11:05:26:477
107142,7532,"7,03%",SP,30/05/2020,31/05/2020 - 11:05:26:969
6156,135,"2,19%",SE,28/05/2020,31/05/2020 - 11:05:27:351
2858,64,"2,24%",TO,26/05/2020,31/05/2020 - 11:05:27:730
6072,142,"2,34%",AC,30/05/2020,01/06/2020 - 11:06:20:629
9223,424,"4,60%",AL,30/05/2020,01/06/2020 - 11:06:51:339
9313,215,"2,31%",AP,30/05/2020,01/06/2020 - 11:06:22:271
38909,2011,"5,17%",AM,29/05/2020,01/06/2020 - 11:06:39:488
17626,638,"3,62%",BA,30/05/2020,01/06/2020 - 11:06:39:966
47822,2956,"6,18%",CE,30/05/2020,01/06/2020 - 11:06:40:554
8722,154,"1,77%",DF,29/05/2020,01/06/2020 - 11:06:41:265
12903,560,"4,34%",ES,29/05/2020,01/06/2020 - 11:06:41:733
3609,124,"3,44%",GO,30/05/2020,01/06/2020 - 11:06:42:181
34639,955,"2,76%",MA,30/05/2020,01/06/2020 - 11:06:43:14
2411,58,"2,41%",MT,30/05/2020,01/06/2020 - 11:06:43:441
1418,19,"1,34%",MS,29/05/2020,01/06/2020 - 11:06:43:859
9630,263,"2,73%",MG,30/05/2020,01/06/2020 - 11:06:44:727
37859,2920,"7,71%",PA,30/05/2020,01/06/2020 - 11:06:45:191
12862,346,"2,69%",PB,30/05/2020,01/06/2020 - 11:06:45:668
33427,2740,"8,20%",PE,30/05/2020,01/06/2020 - 11:06:47:240
4931,161,"3,27%",PI,30/05/2020,01/06/2020 - 11:06:47:716
4300,178,"4,14%",PR,29/05/2020,01/06/2020 - 11:06:48:188
52420,5277,"10,07%",RJ,30/05/2020,01/06/2020 - 11:06:48:642
6463,268,"4,15%",RN,28/05/2020,01/06/2020 - 11:06:49:204
9242,218,"2,36%",RS,30/05/2020,01/06/2020 - 11:06:49:908
4743,151,"3,18%",RO,30/05/2020,01/06/2020 - 11:06:50:358
2564,86,"3,35%",RR,25/05/2020,01/06/2020 - 11:06:51:00
8780,136,"1,55%",SC,30/05/2020,01/06/2020 - 11:06:51:752
107142,7532,"7,03%",SP,30/05/2020,01/06/2020 - 11:06:52:496
6805,149,"2,19%",SE,30/05/2020,01/06/2020 - 11:06:53:240
3981,71,"1,78%",TO,30/05/2020,01/06/2020 - 11:06:53:994
6219,148,"2,38%",AC,31/05/2020,02/06/2020 - 11:06:24:673
10837,461,"4,25%",AL,01/06/2020,02/06/2020 - 11:06:55:206
9890,228,"2,31%",AP,01/06/2020,02/06/2020 - 11:06:25:638
41378,2052,"4,96%",AM,31/05/2020,02/06/2020 - 11:06:56:210
18898,701,"3,71%",BA,01/06/2020,02/06/2020 - 11:06:14:465
50504,3188,"6,31%",CE,01/06/2020,02/06/2020 - 11:06:14:968
9780,170,"1,74%",DF,31/05/2020,02/06/2020 - 11:06:15:359
13690,604,"4,41%",ES,31/05/2020,02/06/2020 - 11:06:15:692
4017,127,"3,16%",GO,01/06/2020,02/06/2020 - 11:06:16:06
35297,976,"2,77%",MA,31/05/2020,02/06/2020 - 11:06:16:420
2636,67,"2,54%",MT,01/06/2020,02/06/2020 - 11:06:16:748
1489,20,"1,34%",MS,30/05/2020,02/06/2020 - 11:06:17:61
10670,278,"2,61%",MG,01/06/2020,02/06/2020 - 11:06:17:457
40014,3019,"7,54%",PA,01/06/2020,02/06/2020 - 11:06:17:768
13162,360,"2,74%",PB,31/05/2020,02/06/2020 - 11:06:18:108
34900,2875,"8,24%",PE,01/06/2020,02/06/2020 - 11:06:18:463
5119,168,"3,28%",PI,31/05/2020,02/06/2020 - 11:06:18:803
4752,187,"3,94%",PR,31/05/2020,02/06/2020 - 11:06:19:112
53388,5344,"10,01%",RJ,31/05/2020,02/06/2020 - 11:06:19:446
6463,268,"4,15%",RN,28/05/2020,02/06/2020 - 11:06:19:956
9496,232,"2,44%",RS,01/06/2020,02/06/2020 - 11:06:20:287
4942,156,"3,16%",RO,31/05/2020,02/06/2020 - 11:06:20:586
3474,116,"3,34%",RR,30/05/2020,02/06/2020 - 11:06:20:946
9498,146,"1,54%",SC,01/06/2020,02/06/2020 - 11:06:21:336
111296,7667,"6,89%",SP,01/06/2020,02/06/2020 - 11:06:21:740
6999,158,"2,26%",SE,31/05/2020,02/06/2020 - 11:06:22:58
4345,76,"1,75%",TO,01/06/2020,02/06/2020 - 11:06:22:412
6326,161,"2,55%",AC,01/06/2020,03/06/2020 - 11:06:14:993
11559,482,"4,17%",AL,02/06/2020,03/06/2020 - 11:06:15:786
10511,237,"2,25%",AP,02/06/2020,03/06/2020 - 11:06:16:152
41378,2052,"4,96%",AM,31/05/2020,03/06/2020 - 11:06:16:529
18898,701,"3,71%",BA,01/06/2020,03/06/2020 - 11:06:16:944
50504,3188,"6,31%",CE,01/06/2020,03/06/2020 - 11:06:17:435
10510,173,"1,65%",DF,01/06/2020,03/06/2020 - 11:06:17:864
13690,604,"4,41%",ES,31/05/2020,03/06/2020 - 11:06:18:216
4017,127,"3,16%",GO,01/06/2020,03/06/2020 - 11:06:18:628
36625,997,"2,72%",MA,01/06/2020,03/06/2020 - 11:06:19:38
2636,67,"2,54%",MT,01/06/2020,03/06/2020 - 11:06:19:434
1646,20,"1,22%",MS,01/06/2020,03/06/2020 - 11:06:19:783
10939,289,"2,64%",MG,02/06/2020,03/06/2020 - 11:06:20:244
40014,3019,"7,54%",PA,01/06/2020,03/06/2020 - 11:06:20:755
13695,370,"2,70%",PB,01/06/2020,03/06/2020 - 11:06:21:145
35508,2933,"8,26%",PE,02/06/2020,03/06/2020 - 11:06:21:521
5828,192,"3,29%",PI,02/06/2020,03/06/2020 - 11:06:21:942
4900,195,"3,98%",PR,01/06/2020,03/06/2020 - 11:06:22:407
56732,5686,"10,02%",RJ,02/06/2020,03/06/2020 - 11:06:22:799
8233,341,"4,14%",RN,01/06/2020,03/06/2020 - 11:06:23:174
9919,245,"2,47%",RS,02/06/2020,03/06/2020 - 11:06:23:585
4942,156,"3,16%",RO,31/05/2020,03/06/2020 - 11:06:23:949
3474,116,"3,34%",RR,30/05/2020,03/06/2020 - 11:06:24:303
9660,148,"1,53%",SC,02/06/2020,03/06/2020 - 11:06:24:697
111296,7667,"6,89%",SP,01/06/2020,03/06/2020 - 11:06:25:166
7233,166,"2,30%",SE,01/06/2020,03/06/2020 - 11:06:25:516
4345,76,"1,75%",TO,01/06/2020,03/06/2020 - 11:06:25:890
6465,165,"2,55%",AC,02/06/2020,04/06/2020 - 11:06:14:973
12407,506,"4,08%",AL,03/06/2020,04/06/2020 - 11:06:15:546
10511,237,"2,25%",AP,02/06/2020,04/06/2020 - 11:06:16:32
43195,2102,"4,87%",AM,02/06/2020,04/06/2020 - 11:06:16:699
22451,762,"3,39%",BA,03/06/2020,04/06/2020 - 11:06:17:180
56056,3605,"6,43%",CE,03/06/2020,04/06/2020 - 11:06:17:655
12020,191,"1,59%",DF,03/06/2020,04/06/2020 - 11:06:18:110
16121,698,"4,33%",ES,03/06/2020,04/06/2020 - 11:06:18:576
4701,159,"3,38%",GO,03/06/2020,04/06/2020 - 11:06:19:28
40629,1062,"2,61%",MA,03/06/2020,04/06/2020 - 11:06:19:531
3029,79,"2,61%",MT,03/06/2020,04/06/2020 - 11:06:20:91
1802,20,"1,11%",MS,02/06/2020,04/06/2020 - 11:06:20:519
12010,306,"2,55%",MG,03/06/2020,04/06/2020 - 11:06:21:30
43652,3144,"7,20%",PA,02/06/2020,04/06/2020 - 11:06:21:438
16018,414,"2,58%",PB,03/06/2020,04/06/2020 - 11:06:21:873
36463,3012,"8,26%",PE,03/06/2020,04/06/2020 - 11:06:22:296
6064,202,"3,33%",PI,03/06/2020,04/06/2020 - 11:06:22:930
5235,204,"3,90%",PR,02/06/2020,04/06/2020 - 11:06:23:415
59240,6010,"10,15%",RJ,03/06/2020,04/06/2020 - 11:06:23:839
9149,367,"4,01%",RN,02/06/2020,04/06/2020 - 11:06:24:299
10398,258,"2,48%",RS,03/06/2020,04/06/2020 - 11:06:24:788
5477,172,"3,14%",RO,02/06/2020,04/06/2020 - 11:06:25:301
4143,124,"2,99%",RR,02/06/2020,04/06/2020 - 11:06:25:689
9660,148,"1,53%",SC,02/06/2020,04/06/2020 - 11:06:26:138
123483,8276,"6,70%",SP,03/06/2020,04/06/2020 - 11:06:26:658
7555,172,"2,28%",SE,02/06/2020,04/06/2020 - 11:06:27:174
4345,76,"1,75%",TO,01/06/2020,04/06/2020 - 11:06:27:585
6679,171,"2,56%",AC,03/06/2020,05/06/2020 - 11:06:15:131
12407,506,"4,08%",AL,03/06/2020,05/06/2020 - 11:06:15:658
10511,237,"2,25%",AP,02/06/2020,05/06/2020 - 11:06:16:46
43195,2102,"4,87%",AM,02/06/2020,05/06/2020 - 11:06:16:845
22451,762,"3,39%",BA,03/06/2020,05/06/2020 - 11:06:17:615
56056,3605,"6,43%",CE,03/06/2020,05/06/2020 - 11:06:18:350
12020,191,"1,59%",DF,03/06/2020,05/06/2020 - 11:06:18:768
16121,698,"4,33%",ES,03/06/2020,05/06/2020 - 11:06:19:199
5102,164,"3,21%",GO,04/06/2020,05/06/2020 - 11:06:19:845
40629,1062,"2,61%",MA,03/06/2020,05/06/2020 - 11:06:20:364
3029,79,"2,61%",MT,03/06/2020,05/06/2020 - 11:06:20:800
1802,20,"1,11%",MS,02/06/2020,05/06/2020 - 11:06:21:252
12010,306,"2,55%",MG,03/06/2020,05/06/2020 - 11:06:21:822
46473,3245,"6,98%",PA,03/06/2020,05/06/2020 - 11:06:22:260
16018,414,"2,58%",PB,03/06/2020,05/06/2020 - 11:06:22:879
37507,3134,"8,36%",PE,04/06/2020,05/06/2020 - 11:06:23:602
6717,217,"3,23%",PI,04/06/2020,05/06/2020 - 11:06:24:57
5567,210,"3,77%",PR,03/06/2020,05/06/2020 - 11:06:24:547
59240,6010,"10,15%",RJ,03/06/2020,05/06/2020 - 11:06:24:991
9149,367,"4,01%",RN,02/06/2020,05/06/2020 - 11:06:25:430
11010,265,"2,41%",RS,04/06/2020,05/06/2020 - 11:06:26:30
5714,180,"3,15%",RO,03/06/2020,05/06/2020 - 11:06:26:502
4143,124,"2,99%",RR,02/06/2020,05/06/2020 - 11:06:26:932
9660,148,"1,53%",SC,02/06/2020,05/06/2020 - 11:06:27:388
129200,8561,"6,63%",SP,04/06/2020,05/06/2020 - 11:06:28:225
7989,180,"2,25%",SE,03/06/2020,05/06/2020 - 11:06:28:674
4698,82,"1,75%",TO,03/06/2020,05/06/2020 - 11:06:29:101
6679,171,"2,56%",AC,03/06/2020,06/06/2020 - 11:06:14:883
13939,557,"4,00%",AL,05/06/2020,06/06/2020 - 11:06:15:598
11551,254,"2,20%",AP,04/06/2020,06/06/2020 - 11:06:16:12
46473,2158,"4,64%",AM,04/06/2020,06/06/2020 - 11:06:16:455
26419,819,"3,10%",BA,05/06/2020,06/06/2020 - 11:06:16:870
62176,3907,"6,28%",CE,05/06/2020,06/06/2020 - 11:06:17:235
12923,196,"1,52%",DF,04/06/2020,06/06/2020 - 11:06:17:697
16894,737,"4,36%",ES,04/06/2020,06/06/2020 - 11:06:18:107
5605,167,"2,98%",GO,05/06/2020,06/06/2020 - 11:06:18:507
45470,1132,"2,49%",MA,05/06/2020,06/06/2020 - 11:06:18:945
3593,91,"2,53%",MT,05/06/2020,06/06/2020 - 11:06:19:344
1997,21,"1,05%",MS,04/06/2020,06/06/2020 - 11:06:19:714
13995,344,"2,46%",MG,05/06/2020,06/06/2020 - 11:06:20:167
46473,3245,"6,98%",PA,03/06/2020,06/06/2020 - 11:06:20:526
18579,451,"2,43%",PB,05/06/2020,06/06/2020 - 11:06:20:918
38511,3205,"8,32%",PE,05/06/2020,06/06/2020 - 11:06:21:278
7105,224,"3,15%",PI,05/06/2020,06/06/2020 - 11:06:21:667
5895,220,"3,73%",PR,04/06/2020,06/06/2020 - 11:06:22:62
63066,6473,"10,26%",RJ,05/06/2020,06/06/2020 - 11:06:22:498
9282,378,"4,07%",RN,03/06/2020,06/06/2020 - 11:06:22:871
11583,276,"2,38%",RS,05/06/2020,06/06/2020 - 11:06:23:296
6459,194,"3,00%",RO,04/06/2020,06/06/2020 - 11:06:23:658
5238,139,"2,65%",RR,05/06/2020,06/06/2020 - 11:06:24:35
10532,156,"1,48%",SC,04/06/2020,06/06/2020 - 11:06:24:480
134565,8842,"6,57%",SP,05/06/2020,06/06/2020 - 11:06:24:944
8200,186,"2,27%",SE,04/06/2020,06/06/2020 - 11:06:25:315
5182,89,"1,72%",TO,05/06/2020,06/06/2020 - 11:06:25:821
7525,201,"2,67%",AC,06/06/2020,07/06/2020 - 11:06:19:215
14818,582,"3,93%",AL,06/06/2020,07/06/2020 - 11:06:33:796
12773,269,"2,11%",AP,06/06/2020,07/06/2020 - 11:06:34:241
48785,2232,"4,58%",AM,06/06/2020,07/06/2020 - 11:06:34:567
27396,846,"3,09%",BA,06/06/2020,07/06/2020 - 11:06:34:922
63575,3965,"6,24%",CE,06/06/2020,07/06/2020 - 11:06:35:294
15850,208,"1,31%",DF,06/06/2020,07/06/2020 - 11:06:35:688
18950,806,"4,25%",ES,06/06/2020,07/06/2020 - 11:06:35:988
5770,172,"2,98%",GO,06/06/2020,07/06/2020 - 11:06:36:486
47593,1170,"2,46%",MA,06/06/2020,07/06/2020 - 11:06:36:922
3788,101,"2,67%",MT,06/06/2020,07/06/2020 - 11:06:37:202
2132,21,"0,98%",MS,06/06/2020,07/06/2020 - 11:06:37:631
14939,368,"2,46%",MG,06/06/2020,07/06/2020 - 11:06:38:93
53860,3665,"6,80%",PA,06/06/2020,07/06/2020 - 11:06:38:482
19787,467,"2,36%",PB,06/06/2020,07/06/2020 - 11:06:38:819
39361,3270,"8,31%",PE,06/06/2020,07/06/2020 - 11:06:39:201
7478,239,"3,20%",PI,06/06/2020,07/06/2020 - 11:06:39:653
6604,232,"3,51%",PR,06/06/2020,07/06/2020 - 11:06:40:09
64533,6639,"10,29%",RJ,06/06/2020,07/06/2020 - 11:06:40:323
9449,410,"4,34%",RN,05/06/2020,07/06/2020 - 11:06:40:634
12037,283,"2,35%",RS,06/06/2020,07/06/2020 - 11:06:40:989
7720,228,"2,95%",RO,06/06/2020,07/06/2020 - 11:06:41:402
5238,139,"2,65%",RR,05/06/2020,07/06/2020 - 11:06:41:804
11285,166,"1,47%",SC,06/06/2020,07/06/2020 - 11:06:42:117
140549,9058,"6,44%",SP,06/06/2020,07/06/2020 - 11:06:42:883
8972,208,"2,32%",SE,06/06/2020,07/06/2020 - 11:06:43:215
5505,96,"1,74%",TO,05/06/2020,07/06/2020 - 11:06:43:607
7983,207,"2,59%",AC,07/06/2020,08/06/2020 - 11:06:15:140
15706,601,"3,83%",AL,07/06/2020,08/06/2020 - 11:06:15:776
13045,272,"2,09%",AP,07/06/2020,08/06/2020 - 11:06:16:601
49269,2250,"4,57%",AM,07/06/2020,08/06/2020 - 11:06:17:212
28250,879,"3,11%",BA,07/06/2020,08/06/2020 - 11:06:17:954
64271,3982,"6,20%",CE,07/06/2020,08/06/2020 - 11:06:18:652
16623,214,"1,29%",DF,07/06/2020,08/06/2020 - 11:06:19:255
19619,832,"4,24%",ES,07/06/2020,08/06/2020 - 11:06:19:844
5857,173,"2,95%",GO,07/06/2020,08/06/2020 - 11:06:20:430
48537,1208,"2,49%",MA,07/06/2020,08/06/2020 - 11:06:21:260
4033,113,"2,80%",MT,07/06/2020,08/06/2020 - 11:06:21:847
2253,21,"0,93%",MS,06/06/2020,08/06/2020 - 11:06:22:620
15703,376,"2,39%",MG,07/06/2020,08/06/2020 - 11:06:23:455
54271,3678,"6,78%",PA,07/06/2020,08/06/2020 - 11:06:23:953
20310,484,"2,38%",PB,07/06/2020,08/06/2020 - 11:06:24:572
40242,3305,"8,21%",PE,07/06/2020,08/06/2020 - 11:06:25:180
7621,254,"3,33%",PI,07/06/2020,08/06/2020 - 11:06:25:823
6897,237,"3,44%",PR,07/06/2020,08/06/2020 - 11:06:26:407
67756,6707,"9,90%",RJ,07/06/2020,08/06/2020 - 11:06:26:867
9449,410,"4,34%",RN,05/06/2020,08/06/2020 - 11:06:27:424
12135,286,"2,36%",RS,07/06/2020,08/06/2020 - 11:06:28:219
8110,235,"2,90%",RO,07/06/2020,08/06/2020 - 11:06:28:997
5529,142,"2,57%",RR,07/06/2020,08/06/2020 - 11:06:29:460
11565,171,"1,48%",SC,07/06/2020,08/06/2020 - 11:06:30:61
143073,9145,"6,39%",SP,07/06/2020,08/06/2020 - 11:06:30:835
9290,217,"2,34%",SE,07/06/2020,08/06/2020 - 11:06:31:467
5644,99,"1,75%",TO,07/06/2020,08/06/2020 - 11:06:32:203
8127,211,"2,60%",AC,08/06/2020,09/06/2020 - 11:06:15:865
16339,622,"3,81%",AL,08/06/2020,09/06/2020 - 11:06:16:724
13294,278,"2,09%",AP,08/06/2020,09/06/2020 - 11:06:18:220
49817,2271,"4,56%",AM,08/06/2020,09/06/2020 - 11:06:18:992
28715,910,"3,17%",BA,08/06/2020,09/06/2020 - 11:06:20:472
66218,4192,"6,33%",CE,08/06/2020,09/06/2020 - 11:06:21:218
16948,226,"1,33%",DF,08/06/2020,09/06/2020 - 11:06:21:962
20659,871,"4,22%",ES,08/06/2020,09/06/2020 - 11:06:22:710
6302,173,"2,75%",GO,08/06/2020,09/06/2020 - 11:06:23:331
49371,1247,"2,53%",MA,08/06/2020,09/06/2020 - 11:06:23:918
4243,126,"2,97%",MT,08/06/2020,09/06/2020 - 11:06:24:416
2324,22,"0,95%",MS,07/06/2020,09/06/2020 - 11:06:24:980
15883,380,"2,39%",MG,08/06/2020,09/06/2020 - 11:06:25:675
56032,3772,"6,73%",PA,08/06/2020,09/06/2020 - 11:06:26:156
20951,507,"2,42%",PB,08/06/2020,09/06/2020 - 11:06:26:660
40705,3350,"8,23%",PE,07/06/2020,09/06/2020 - 11:06:27:178
7927,265,"3,34%",PI,08/06/2020,09/06/2020 - 11:06:27:790
7031,243,"3,46%",PR,08/06/2020,09/06/2020 - 11:06:28:483
69499,6781,"9,76%",RJ,08/06/2020,09/06/2020 - 11:06:29:46
9449,410,"4,34%",RN,05/06/2020,09/06/2020 - 11:06:29:725
12250,291,"2,38%",RS,08/06/2020,09/06/2020 - 11:06:30:345
8626,245,"2,84%",RO,08/06/2020,09/06/2020 - 11:06:30:855
5768,145,"2,51%",RR,07/06/2020,09/06/2020 - 11:06:31:318
11742,177,"1,51%",SC,08/06/2020,09/06/2020 - 11:06:31:857
144593,9188,"6,35%",SP,08/06/2020,09/06/2020 - 11:06:32:429
9727,234,"2,41%",SE,08/06/2020,09/06/2020 - 11:06:33:87
5807,108,"1,86%",TO,08/06/2020,09/06/2020 - 11:06:33:685
8457,223,"2,64%",AC,09/06/2020,10/06/2020 - 11:06:20:489
17193,640,"3,72%",AL,09/06/2020,10/06/2020 - 11:06:21:706
13771,285,"2,07%",AP,09/06/2020,10/06/2020 - 11:06:22:198
51234,2315,"4,52%",AM,09/06/2020,10/06/2020 - 11:06:22:818
30481,937,"3,07%",BA,09/06/2020,10/06/2020 - 11:06:23:577
69023,4359,"6,32%",CE,09/06/2020,10/06/2020 - 11:06:24:46
18090,236,"1,30%",DF,09/06/2020,10/06/2020 - 11:06:24:960
21964,904,"4,12%",ES,09/06/2020,10/06/2020 - 11:06:25:555
6936,184,"2,65%",GO,09/06/2020,10/06/2020 - 11:06:26:238
52069,1285,"2,47%",MA,09/06/2020,10/06/2020 - 11:06:27:242
4243,126,"2,97%",MT,08/06/2020,10/06/2020 - 11:06:27:972
2455,22,"0,90%",MS,08/06/2020,10/06/2020 - 11:06:28:449
16102,399,"2,48%",MG,09/06/2020,10/06/2020 - 11:06:29:114
60636,3898,"6,43%",PA,09/06/2020,10/06/2020 - 11:06:29:739
22452,534,"2,38%",PB,09/06/2020,10/06/2020 - 11:06:30:710
41010,3453,"8,42%",PE,09/06/2020,10/06/2020 - 11:06:31:195
8359,283,"3,39%",PI,09/06/2020,10/06/2020 - 11:06:31:792
7410,260,"3,51%",PR,09/06/2020,10/06/2020 - 11:06:32:453
72979,6928,"9,49%",RJ,09/06/2020,10/06/2020 - 11:06:33:313
11027,459,"4,16%",RN,08/06/2020,10/06/2020 - 11:06:33:942
12802,302,"2,36%",RS,09/06/2020,10/06/2020 - 11:06:35:211
9220,255,"2,77%",RO,09/06/2020,10/06/2020 - 11:06:35:969
6056,168,"2,77%",RR,08/06/2020,10/06/2020 - 11:06:37:466
12192,179,"1,47%",SC,09/06/2020,10/06/2020 - 11:06:39:264
150138,9522,"6,34%",SP,09/06/2020,10/06/2020 - 11:06:40:879
10126,252,"2,49%",SE,09/06/2020,10/06/2020 - 11:06:41:952
6052,114,"1,88%",TO,08/06/2020,10/06/2020 - 11:06:42:502
8746,237,"2,71%",AC,10/06/2020,11/06/2020 - 11:06:15:106
18176,660,"3,63%",AL,10/06/2020,11/06/2020 - 11:06:15:778
14623,289,"1,98%",AP,10/06/2020,11/06/2020 - 11:06:16:645
52849,2363,"4,47%",AM,10/06/2020,11/06/2020 - 11:06:17:179
32685,975,"2,98%",BA,10/06/2020,11/06/2020 - 11:06:17:778
71947,4519,"6,28%",CE,10/06/2020,11/06/2020 - 11:06:18:631
19433,256,"1,32%",DF,10/06/2020,11/06/2020 - 11:06:19:593
23391,937,"4,01%",ES,10/06/2020,11/06/2020 - 11:06:20:227
7380,189,"2,56%",GO,10/06/2020,11/06/2020 - 11:06:20:772
53508,1322,"2,47%",MA,10/06/2020,11/06/2020 - 11:06:21:255
4762,153,"3,21%",MT,10/06/2020,11/06/2020 - 11:06:21:799
2597,24,"0,92%",MS,09/06/2020,11/06/2020 - 11:06:22:594
17501,409,"2,34%",MG,10/06/2020,11/06/2020 - 11:06:23:226
63405,3980,"6,28%",PA,10/06/2020,11/06/2020 - 11:06:24:108
24032,559,"2,33%",PB,10/06/2020,11/06/2020 - 11:06:24:773
41935,3531,"8,42%",PE,10/06/2020,11/06/2020 - 11:06:25:413
8823,299,"3,39%",PI,10/06/2020,11/06/2020 - 11:06:26:82
7934,282,"3,55%",PR,10/06/2020,11/06/2020 - 11:06:26:851
74373,7138,"9,60%",RJ,10/06/2020,11/06/2020 - 11:06:27:638
11568,487,"4,21%",RN,09/06/2020,11/06/2020 - 11:06:28:284
13619,316,"2,32%",RS,10/06/2020,11/06/2020 - 11:06:29:94
9850,267,"2,71%",RO,10/06/2020,11/06/2020 - 11:06:29:631
6347,182,"2,87%",RR,09/06/2020,11/06/2020 - 11:06:30:147
12594,184,"1,46%",SC,10/06/2020,11/06/2020 - 11:06:30:791
156316,9862,"6,31%",SP,10/06/2020,11/06/2020 - 11:06:31:488
10616,264,"2,49%",SE,10/06/2020,11/06/2020 - 11:06:32:100
6257,120,"1,92%",TO,09/06/2020,11/06/2020 - 11:06:32:599
9091,245,"2,69%",AC,11/06/2020,12/06/2020 - 11:06:16:25
19200,681,"3,55%",AL,11/06/2020,12/06/2020 - 11:06:17:367
15166,303,"2,00%",AP,11/06/2020,12/06/2020 - 11:06:18:50
53989,2400,"4,45%",AM,11/06/2020,12/06/2020 - 11:06:18:822
33891,1013,"2,99%",BA,11/06/2020,12/06/2020 - 11:06:19:820
74692,4708,"6,30%",CE,11/06/2020,12/06/2020 - 11:06:21:82
20507,274,"1,34%",DF,11/06/2020,12/06/2020 - 11:06:21:842
24428,966,"3,95%",ES,11/06/2020,12/06/2020 - 11:06:22:577
7774,194,"2,50%",GO,11/06/2020,12/06/2020 - 11:06:23:315
55680,1360,"2,44%",MA,11/06/2020,12/06/2020 - 11:06:24:71
5086,163,"3,20%",MT,11/06/2020,12/06/2020 - 11:06:24:853
2853,25,"0,88%",MS,10/06/2020,12/06/2020 - 11:06:25:584
18448,431,"2,34%",MG,11/06/2020,12/06/2020 - 11:06:26:245
65151,4090,"6,28%",PA,11/06/2020,12/06/2020 - 11:06:26:918
25370,570,"2,25%",PB,11/06/2020,12/06/2020 - 11:06:27:842
42994,3633,"8,45%",PE,11/06/2020,12/06/2020 - 11:06:28:602
9337,317,"3,40%",PI,11/06/2020,12/06/2020 - 11:06:29:320
8457,280,"3,31%",PR,11/06/2020,12/06/2020 - 11:06:30:69
75775,7363,"9,72%",RJ,11/06/2020,12/06/2020 - 11:06:30:670
13234,496,"3,75%",RN,10/06/2020,12/06/2020 - 11:06:35:582
14168,323,"2,28%",RS,11/06/2020,12/06/2020 - 11:06:36:321
10547,293,"2,78%",RO,11/06/2020,12/06/2020 - 11:06:36:998
6594,188,"2,85%",RR,10/06/2020,12/06/2020 - 11:06:37:573
12953,186,"1,44%",SC,11/06/2020,12/06/2020 - 11:06:38:322
162520,10145,"6,24%",SP,11/06/2020,12/06/2020 - 11:06:39:318
10615,264,"2,49%",SE,10/06/2020,12/06/2020 - 11:06:40:65
6529,124,"1,90%",TO,10/06/2020,12/06/2020 - 11:06:40:869
9295,254,"2,73%",AC,12/06/2020,13/06/2020 - 11:06:25:541
20031,701,"3,50%",AL,12/06/2020,13/06/2020 - 11:06:47:194
15683,312,"1,99%",AP,12/06/2020,13/06/2020 - 11:06:47:949
55111,2429,"4,41%",AM,12/06/2020,13/06/2020 - 11:06:48:655
34665,1039,"3,00%",BA,12/06/2020,13/06/2020 - 11:06:49:462
75784,4812,"6,35%",CE,12/06/2020,13/06/2020 - 11:06:49:966
21396,282,"1,32%",DF,12/06/2020,13/06/2020 - 11:06:50:608
25502,999,"3,92%",ES,12/06/2020,13/06/2020 - 11:06:51:461
7926,206,"2,60%",GO,12/06/2020,13/06/2020 - 11:06:51:914
57605,1399,"2,43%",MA,12/06/2020,13/06/2020 - 11:06:52:992
5390,181,"3,36%",MT,12/06/2020,13/06/2020 - 11:06:53:957
3001,28,"0,93%",MS,11/06/2020,13/06/2020 - 11:06:54:713
20106,446,"2,22%",MG,12/06/2020,13/06/2020 - 11:06:55:699
66328,4132,"6,23%",PA,12/06/2020,13/06/2020 - 11:06:56:370
26556,610,"2,30%",PB,12/06/2020,13/06/2020 - 11:06:57:326
43872,3694,"8,42%",PE,12/06/2020,13/06/2020 - 11:06:57:860
9337,317,"3,40%",PI,11/06/2020,13/06/2020 - 11:06:58:701
8818,302,"3,42%",PR,12/06/2020,13/06/2020 - 11:06:59:417
77784,7417,"9,54%",RJ,12/06/2020,13/06/2020 - 11:06:59:809
13544,509,"3,76%",RN,11/06/2020,13/06/2020 - 11:06:00:541
14384,337,"2,34%",RS,12/06/2020,13/06/2020 - 11:06:01:288
11224,296,"2,64%",RO,12/06/2020,13/06/2020 - 11:06:01:997
6712,192,"2,86%",RR,11/06/2020,13/06/2020 - 11:06:02:564
13165,191,"1,45%",SC,12/06/2020,13/06/2020 - 11:06:03:350
167900,10368,"6,18%",SP,12/06/2020,13/06/2020 - 11:06:04:202
11534,305,"2,64%",SE,12/06/2020,13/06/2020 - 11:06:04:714
6744,128,"1,90%",TO,11/06/2020,13/06/2020 - 11:06:05:447
9534,256,"2,69%",AC,13/06/2020,14/06/2020 - 11:06:14:938
20887,723,"3,46%",AL,13/06/2020,14/06/2020 - 11:06:15:746
16322,319,"1,95%",AP,13/06/2020,14/06/2020 - 11:06:16:120
56026,2465,"4,40%",AM,13/06/2020,14/06/2020 - 11:06:16:636
35788,1069,"2,99%",BA,13/06/2020,14/06/2020 - 11:06:17:139
76429,4829,"6,32%",CE,13/06/2020,14/06/2020 - 11:06:17:566
21959,293,"1,33%",DF,13/06/2020,14/06/2020 - 11:06:18:04
26011,1028,"3,95%",ES,13/06/2020,14/06/2020 - 11:06:18:478
7941,211,"2,66%",GO,13/06/2020,14/06/2020 - 11:06:18:841
58859,1436,"2,44%",MA,13/06/2020,14/06/2020 - 11:06:19:472
5739,199,"3,47%",MT,13/06/2020,14/06/2020 - 11:06:19:946
3235,28,"0,87%",MS,12/06/2020,14/06/2020 - 11:06:20:365
20614,454,"2,20%",MG,13/06/2020,14/06/2020 - 11:06:21:01
68456,4191,"6,12%",PA,13/06/2020,14/06/2020 - 11:06:21:486
27454,623,"2,27%",PB,13/06/2020,14/06/2020 - 11:06:21:987
44671,3784,"8,47%",PE,13/06/2020,14/06/2020 - 11:06:22:464
10153,360,"3,55%",PI,13/06/2020,14/06/2020 - 11:06:22:926
9233,312,"3,38%",PR,13/06/2020,14/06/2020 - 11:06:23:458
78836,7592,"9,63%",RJ,13/06/2020,14/06/2020 - 11:06:23:956
13789,533,"3,87%",RN,13/06/2020,14/06/2020 - 11:06:24:333
14627,344,"2,35%",RS,13/06/2020,14/06/2020 - 11:06:24:731
11632,309,"2,66%",RO,13/06/2020,14/06/2020 - 11:06:25:520
6842,197,"2,88%",RR,12/06/2020,14/06/2020 - 11:06:25:860
13296,193,"1,45%",SC,13/06/2020,14/06/2020 - 11:06:26:242
172875,10581,"6,12%",SP,13/06/2020,14/06/2020 - 11:06:26:802
12866,316,"2,46%",SE,13/06/2020,14/06/2020 - 11:06:27:499
6931,130,"1,88%",TO,12/06/2020,14/06/2020 - 11:06:27:951
9642,259,"2,69%",AC,14/06/2020,15/06/2020 - 11:06:16:222
22199,744,"3,35%",AL,14/06/2020,15/06/2020 - 11:06:36:466
16512,324,"1,96%",AP,14/06/2020,15/06/2020 - 11:06:56:975
56506,2492,"4,41%",AM,14/06/2020,15/06/2020 - 11:06:10:223
36401,1105,"3,04%",BA,14/06/2020,15/06/2020 - 11:06:10:816
76833,4885,"6,36%",CE,14/06/2020,15/06/2020 - 11:06:11:720
22871,304,"1,33%",DF,14/06/2020,15/06/2020 - 11:06:12:478
26469,1055,"3,99%",ES,14/06/2020,15/06/2020 - 11:06:13:164
7960,216,"2,71%",GO,14/06/2020,15/06/2020 - 11:06:13:706
59850,1467,"2,45%",MA,14/06/2020,15/06/2020 - 11:06:14:469
6108,213,"3,49%",MT,14/06/2020,15/06/2020 - 11:06:15:220
3433,31,"0,90%",MS,13/06/2020,15/06/2020 - 11:06:15:752
21381,475,"2,22%",MG,14/06/2020,15/06/2020 - 11:06:16:566
69224,4201,"6,07%",PA,14/06/2020,15/06/2020 - 11:06:17:56
28013,633,"2,26%",PB,14/06/2020,15/06/2020 - 11:06:17:720
45261,3855,"8,52%",PE,14/06/2020,15/06/2020 - 11:06:18:177
10357,374,"3,61%",PI,14/06/2020,15/06/2020 - 11:06:18:756
9706,334,"3,44%",PR,14/06/2020,15/06/2020 - 11:06:19:278
79572,7672,"9,64%",RJ,14/06/2020,15/06/2020 - 11:06:19:794
14171,534,"3,77%",RN,13/06/2020,15/06/2020 - 11:06:20:235
14661,350,"2,39%",RS,14/06/2020,15/06/2020 - 11:06:20:803
11865,324,"2,73%",RO,14/06/2020,15/06/2020 - 11:06:21:452
6875,200,"2,91%",RR,13/06/2020,15/06/2020 - 11:06:21:889
13360,195,"1,46%",SC,14/06/2020,15/06/2020 - 11:06:22:357
178202,10694,"6,00%",SP,14/06/2020,15/06/2020 - 11:06:22:949
13968,330,"2,36%",SE,14/06/2020,15/06/2020 - 11:06:23:449
6972,132,"1,89%",TO,13/06/2020,15/06/2020 - 11:06:23:955
9771,265,"2,71%",AC,15/06/2020,16/06/2020 - 11:06:19:311
22926,768,"3,35%",AL,15/06/2020,16/06/2020 - 11:06:49:763
16813,329,"1,96%",AP,15/06/2020,16/06/2020 - 11:06:50:444
56777,2512,"4,42%",AM,15/06/2020,16/06/2020 - 11:06:51:138
37620,1145,"3,04%",BA,15/06/2020,16/06/2020 - 11:06:52:21
79853,5041,"6,31%",CE,15/06/2020,16/06/2020 - 11:06:52:768
23684,319,"1,35%",DF,15/06/2020,16/06/2020 - 11:06:53:272
27652,1087,"3,93%",ES,15/06/2020,16/06/2020 - 11:06:54:24
10441,238,"2,28%",GO,15/06/2020,16/06/2020 - 11:06:54:612
60592,1499,"2,47%",MA,15/06/2020,16/06/2020 - 11:06:55:275
6390,223,"3,49%",MT,15/06/2020,16/06/2020 - 11:06:56:514
3551,33,"0,93%",MS,14/06/2020,16/06/2020 - 11:06:57:145
21728,481,"2,21%",MG,15/06/2020,16/06/2020 - 11:06:57:994
71243,4291,"6,02%",PA,15/06/2020,16/06/2020 - 11:06:58:489
28668,656,"2,29%",PB,15/06/2020,16/06/2020 - 11:06:59:257
45507,3886,"8,54%",PE,15/06/2020,16/06/2020 - 11:06:59:931
10881,393,"3,61%",PI,15/06/2020,16/06/2020 - 11:06:00:512
9839,342,"3,48%",PR,15/06/2020,16/06/2020 - 11:06:01:246
80946,7728,"9,55%",RJ,15/06/2020,16/06/2020 - 11:06:01:742
14214,553,"3,89%",RN,14/06/2020,16/06/2020 - 11:06:02:164
15438,360,"2,33%",RS,15/06/2020,16/06/2020 - 11:06:02:608
12180,332,"2,73%",RO,15/06/2020,16/06/2020 - 11:06:03:266
6881,203,"2,95%",RR,14/06/2020,16/06/2020 - 11:06:03:809
13960,199,"1,43%",SC,15/06/2020,16/06/2020 - 11:06:04:339
181460,10767,"5,93%",SP,15/06/2020,16/06/2020 - 11:06:04:922
15675,352,"2,25%",SE,15/06/2020,16/06/2020 - 11:06:05:327
7137,136,"1,91%",TO,14/06/2020,16/06/2020 - 11:06:05:769
10003,271,"2,71%",AC,16/06/2020,17/06/2020 - 11:06:22:474
23632,793,"3,36%",AL,16/06/2020,17/06/2020 - 11:06:26:654
18024,337,"1,87%",AP,16/06/2020,17/06/2020 - 11:06:27:220
58018,2550,"4,40%",AM,16/06/2020,17/06/2020 - 11:06:27:780
39206,1181,"3,01%",BA,16/06/2020,17/06/2020 - 11:06:28:659
82169,5192,"6,32%",CE,16/06/2020,17/06/2020 - 11:06:29:249
25397,348,"1,37%",DF,16/06/2020,17/06/2020 - 11:06:29:734
29030,1132,"3,90%",ES,16/06/2020,17/06/2020 - 11:06:30:386
11836,249,"2,10%",GO,16/06/2020,17/06/2020 - 11:06:30:826
62711,1537,"2,45%",MA,16/06/2020,17/06/2020 - 11:06:31:416
6877,250,"3,64%",MT,16/06/2020,17/06/2020 - 11:06:31:881
3785,36,"0,95%",MS,15/06/2020,17/06/2020 - 11:06:32:411
22024,502,"2,28%",MG,16/06/2020,17/06/2020 - 11:06:33:65
74192,4350,"5,86%",PA,16/06/2020,17/06/2020 - 11:06:33:563
30128,671,"2,23%",PB,16/06/2020,17/06/2020 - 11:06:34:102
46427,3959,"8,53%",PE,16/06/2020,17/06/2020 - 11:06:34:590
11559,398,"3,44%",PI,16/06/2020,17/06/2020 - 11:06:35:208
10690,372,"3,48%",PR,16/06/2020,17/06/2020 - 11:06:35:819
83343,7967,"9,56%",RJ,16/06/2020,17/06/2020 - 11:06:36:411
15212,585,"3,85%",RN,15/06/2020,17/06/2020 - 11:06:36:962
16471,374,"2,27%",RS,16/06/2020,17/06/2020 - 11:06:37:612
13010,346,"2,66%",RO,16/06/2020,17/06/2020 - 11:06:38:147
6935,216,"3,11%",RR,15/06/2020,17/06/2020 - 11:06:38:900
14402,212,"1,47%",SC,16/06/2020,17/06/2020 - 11:06:39:543
190285,11132,"5,85%",SP,16/06/2020,17/06/2020 - 11:06:40:171
16310,364,"2,23%",SE,16/06/2020,17/06/2020 - 11:06:40:636
7309,140,"1,92%",TO,15/06/2020,17/06/2020 - 11:06:41:146
10339,281,"2,72%",AC,17/06/2020,18/06/2020 - 11:06:14:909
24867,811,"3,26%",AL,17/06/2020,18/06/2020 - 11:06:15:450
18618,338,"1,82%",AP,17/06/2020,18/06/2020 - 11:06:15:969
59547,2579,"4,33%",AM,17/06/2020,18/06/2020 - 11:06:16:457
40926,1222,"2,99%",BA,17/06/2020,18/06/2020 - 11:06:17:93
85606,5307,"6,20%",CE,17/06/2020,18/06/2020 - 11:06:17:628
27140,365,"1,34%",DF,17/06/2020,18/06/2020 - 11:06:18:110
30508,1179,"3,86%",ES,17/06/2020,18/06/2020 - 11:06:18:501
12776,255,"2,00%",GO,17/06/2020,18/06/2020 - 11:06:18:898
64735,1570,"2,43%",MA,17/06/2020,18/06/2020 - 11:06:19:530
7124,266,"3,73%",MT,17/06/2020,18/06/2020 - 11:06:20:92
4164,36,"0,86%",MS,16/06/2020,18/06/2020 - 11:06:20:802
23347,537,"2,30%",MG,17/06/2020,18/06/2020 - 11:06:21:433
76623,4395,"5,74%",PA,17/06/2020,18/06/2020 - 11:06:21:944
31712,696,"2,19%",PB,17/06/2020,18/06/2020 - 11:06:22:413
47446,4009,"8,45%",PE,17/06/2020,18/06/2020 - 11:06:22:980
12099,421,"3,48%",PI,17/06/2020,18/06/2020 - 11:06:23:440
11225,394,"3,51%",PR,17/06/2020,18/06/2020 - 11:06:23:981
86963,8138,"9,36%",RJ,17/06/2020,18/06/2020 - 11:06:24:506
15212,585,"3,85%",RN,15/06/2020,18/06/2020 - 11:06:24:953
17128,387,"2,26%",RS,17/06/2020,18/06/2020 - 11:06:25:442
13567,361,"2,66%",RO,17/06/2020,18/06/2020 - 11:06:25:953
7150,224,"3,13%",RR,16/06/2020,18/06/2020 - 11:06:26:392
15015,216,"1,44%",SC,17/06/2020,18/06/2020 - 11:06:26:834
191517,11521,"6,02%",SP,17/06/2020,18/06/2020 - 11:06:27:763
16807,383,"2,28%",SE,17/06/2020,18/06/2020 - 11:06:28:130
7573,149,"1,97%",TO,16/06/2020,18/06/2020 - 11:06:28:603
10664,287,"2,69%",AC,18/06/2020,19/06/2020 - 11:06:15:02
25633,831,"3,24%",AL,18/06/2020,19/06/2020 - 11:06:15:668
19387,342,"1,76%",AP,18/06/2020,19/06/2020 - 11:06:16:396
60736,2605,"4,29%",AM,18/06/2020,19/06/2020 - 11:06:17:137
41577,1263,"3,04%",BA,18/06/2020,19/06/2020 - 11:06:17:823
88132,5393,"6,12%",CE,18/06/2020,19/06/2020 - 11:06:18:381
28521,379,"1,33%",DF,18/06/2020,19/06/2020 - 11:06:18:848
31772,1223,"3,85%",ES,18/06/2020,19/06/2020 - 11:06:19:645
13665,275,"2,01%",GO,18/06/2020,19/06/2020 - 11:06:20:144
66091,1607,"2,43%",MA,18/06/2020,19/06/2020 - 11:06:20:764
7361,272,"3,70%",MT,17/06/2020,19/06/2020 - 11:06:21:793
4274,39,"0,91%",MS,17/06/2020,19/06/2020 - 11:06:22:191
24906,570,"2,29%",MG,18/06/2020,19/06/2020 - 11:06:22:875
80072,4469,"5,58%",PA,18/06/2020,19/06/2020 - 11:06:23:586
31760,709,"2,23%",PB,18/06/2020,19/06/2020 - 11:06:24:394
48626,4057,"8,34%",PE,18/06/2020,19/06/2020 - 11:06:25:07
12567,435,"3,46%",PI,18/06/2020,19/06/2020 - 11:06:25:745
12059,415,"3,44%",PR,18/06/2020,19/06/2020 - 11:06:26:459
87317,8412,"9,63%",RJ,18/06/2020,19/06/2020 - 11:06:26:968
15889,655,"4,12%",RN,17/06/2020,19/06/2020 - 11:06:27:828
17822,406,"2,28%",RS,18/06/2020,19/06/2020 - 11:06:28:556
13804,374,"2,71%",RO,18/06/2020,19/06/2020 - 11:06:29:379
7421,231,"3,11%",RR,17/06/2020,19/06/2020 - 11:06:29:927
15573,222,"1,43%",SC,18/06/2020,19/06/2020 - 11:06:30:420
192628,11846,"6,15%",SP,18/06/2020,19/06/2020 - 11:06:31:916
17338,400,"2,31%",SE,18/06/2020,19/06/2020 - 11:06:32:634
7774,152,"1,96%",TO,17/06/2020,19/06/2020 - 11:06:33:413
10987,292,"2,66%",AC,19/06/2020,20/06/2020 - 11:06:15:49
26906,848,"3,15%",AL,19/06/2020,20/06/2020 - 11:06:15:666
19922,348,"1,75%",AP,19/06/2020,20/06/2020 - 11:06:16:268
61683,2624,"4,25%",AM,19/06/2020,20/06/2020 - 11:06:16:875
43922,1305,"2,97%",BA,19/06/2020,20/06/2020 - 11:06:17:431
90441,5497,"6,08%",CE,19/06/2020,20/06/2020 - 11:06:18:34
30902,397,"1,28%",DF,19/06/2020,20/06/2020 - 11:06:18:607
33232,1267,"3,81%",ES,19/06/2020,20/06/2020 - 11:06:19:106
14540,289,"1,99%",GO,19/06/2020,20/06/2020 - 11:06:19:626
68500,1645,"2,40%",MA,19/06/2020,20/06/2020 - 11:06:20:398
8353,309,"3,70%",MT,19/06/2020,20/06/2020 - 11:06:20:844
4666,40,"0,86%",MS,18/06/2020,20/06/2020 - 11:06:21:395
26052,600,"2,30%",MG,19/06/2020,20/06/2020 - 11:06:22:10
82881,4519,"5,45%",PA,19/06/2020,20/06/2020 - 11:06:22:404
35093,724,"2,06%",PB,19/06/2020,20/06/2020 - 11:06:22:864
49720,4102,"8,25%",PE,19/06/2020,20/06/2020 - 11:06:23:303
13813,459,"3,32%",PI,19/06/2020,20/06/2020 - 11:06:23:841
12932,428,"3,31%",PR,19/06/2020,20/06/2020 - 11:06:24:345
93378,8595,"9,20%",RJ,19/06/2020,20/06/2020 - 11:06:24:875
16039,693,"4,32%",RN,18/06/2020,20/06/2020 - 11:06:25:407
18587,423,"2,28%",RS,19/06/2020,20/06/2020 - 11:06:25:931
14353,391,"2,72%",RO,19/06/2020,20/06/2020 - 11:06:26:650
7650,239,"3,12%",RR,18/06/2020,20/06/2020 - 11:06:27:150
16332,234,"1,43%",SC,19/06/2020,20/06/2020 - 11:06:27:697
211658,12232,"5,78%",SP,19/06/2020,20/06/2020 - 11:06:28:414
17808,426,"2,39%",SE,19/06/2020,20/06/2020 - 11:06:28:942
7956,159,"2,00%",TO,18/06/2020,20/06/2020 - 11:06:29:407
11263,297,"2,64%",AC,20/06/2020,21/06/2020 - 11:06:15:09
27698,866,"3,13%",AL,20/06/2020,21/06/2020 - 11:06:15:632
21574,353,"1,64%",AP,20/06/2020,21/06/2020 - 11:06:16:236
62902,2650,"4,21%",AM,20/06/2020,21/06/2020 - 11:06:16:860
45304,1350,"2,98%",BA,20/06/2020,21/06/2020 - 11:06:17:715
92397,5520,"5,97%",CE,20/06/2020,21/06/2020 - 11:06:18:461
32235,405,"1,26%",DF,20/06/2020,21/06/2020 - 11:06:19:165
34238,1297,"3,79%",ES,20/06/2020,21/06/2020 - 11:06:19:662
15418,295,"1,91%",GO,20/06/2020,21/06/2020 - 11:06:20:239
69673,1684,"2,42%",MA,20/06/2020,21/06/2020 - 11:06:20:895
9262,341,"3,68%",MT,20/06/2020,21/06/2020 - 11:06:21:437
4990,43,"0,86%",MS,19/06/2020,21/06/2020 - 11:06:22:179
27305,636,"2,33%",MG,20/06/2020,21/06/2020 - 11:06:22:764
84654,4583,"5,41%",PA,20/06/2020,21/06/2020 - 11:06:23:346
36521,743,"2,03%",PB,20/06/2020,21/06/2020 - 11:06:24:209
51118,4148,"8,11%",PE,20/06/2020,21/06/2020 - 11:06:24:949
14264,485,"3,40%",PI,20/06/2020,21/06/2020 - 11:06:25:735
13821,437,"3,16%",PR,20/06/2020,21/06/2020 - 11:06:26:375
95537,8824,"9,24%",RJ,20/06/2020,21/06/2020 - 11:06:26:981
19206,697,"3,63%",RN,19/06/2020,21/06/2020 - 11:06:27:703
19138,430,"2,25%",RS,20/06/2020,21/06/2020 - 11:06:28:279
14952,409,"2,74%",RO,20/06/2020,21/06/2020 - 11:06:28:958
8037,245,"3,05%",RR,19/06/2020,21/06/2020 - 11:06:29:464
17108,237,"1,39%",SC,20/06/2020,21/06/2020 - 11:06:30:220
215793,12494,"5,79%",SP,20/06/2020,21/06/2020 - 11:06:31:213
18449,448,"2,43%",SE,20/06/2020,21/06/2020 - 11:06:31:791
8203,167,"2,04%",TO,19/06/2020,21/06/2020 - 11:06:32:362
11381,300,"2,64%",AC,21/06/2020,22/06/2020 - 11:06:15:267
28657,884,"3,08%",AL,21/06/2020,22/06/2020 - 11:06:16:103
21840,359,"1,64%",AP,21/06/2020,22/06/2020 - 11:06:16:757
63410,2657,"4,19%",AM,21/06/2020,22/06/2020 - 11:06:17:405
46279,1391,"3,01%",BA,21/06/2020,22/06/2020 - 11:06:18:15
92866,5523,"5,95%",CE,21/06/2020,22/06/2020 - 11:06:18:682
33227,423,"1,27%",DF,21/06/2020,22/06/2020 - 11:06:19:261
34866,1328,"3,81%",ES,21/06/2020,22/06/2020 - 11:06:19:923
15904,306,"1,92%",GO,21/06/2020,22/06/2020 - 11:06:20:542
70059,1721,"2,46%",MA,21/06/2020,22/06/2020 - 11:06:21:293
9776,370,"3,78%",MT,21/06/2020,22/06/2020 - 11:06:21:947
5237,45,"0,86%",MS,20/06/2020,22/06/2020 - 11:06:22:517
27641,661,"2,39%",MG,21/06/2020,22/06/2020 - 11:06:23:241
86020,4605,"5,35%",PA,21/06/2020,22/06/2020 - 11:06:24:98
36784,766,"2,08%",PB,21/06/2020,22/06/2020 - 11:06:24:678
52113,4234,"8,12%",PE,21/06/2020,22/06/2020 - 11:06:25:175
14476,502,"3,47%",PI,21/06/2020,22/06/2020 - 11:06:25:880
14501,451,"3,11%",PR,21/06/2020,22/06/2020 - 11:06:26:546
96133,8875,"9,23%",RJ,21/06/2020,22/06/2020 - 11:06:27:373
19290,697,"3,61%",RN,20/06/2020,22/06/2020 - 11:06:28:17
19348,434,"2,24%",RS,21/06/2020,22/06/2020 - 11:06:28:629
15181,417,"2,75%",RO,21/06/2020,22/06/2020 - 11:06:29:302
8120,251,"3,09%",RR,20/06/2020,22/06/2020 - 11:06:30:93
17582,246,"1,40%",SC,21/06/2020,22/06/2020 - 11:06:30:758
219185,12588,"5,74%",SP,21/06/2020,22/06/2020 - 11:06:31:458
18985,462,"2,43%",SE,21/06/2020,22/06/2020 - 11:06:31:997
8354,175,"2,09%",TO,20/06/2020,22/06/2020 - 11:06:32:542
11539,305,"2,64%",AC,22/06/2020,23/06/2020 - 11:06:16:609
29395,903,"3,07%",AL,22/06/2020,23/06/2020 - 11:06:17:408
24862,372,"1,50%",AP,22/06/2020,23/06/2020 - 11:06:17:997
63731,2671,"4,19%",AM,22/06/2020,23/06/2020 - 11:06:18:841
47086,1441,"3,06%",BA,22/06/2020,23/06/2020 - 11:06:31:916
94708,5618,"5,93%",CE,22/06/2020,23/06/2020 - 11:06:33:106
34148,449,"1,31%",DF,22/06/2020,23/06/2020 - 11:06:48:577
36147,1387,"3,84%",ES,22/06/2020,23/06/2020 - 11:06:49:741
17085,324,"1,90%",GO,22/06/2020,23/06/2020 - 11:06:50:438
70689,1760,"2,49%",MA,22/06/2020,23/06/2020 - 11:06:51:00
10270,394,"3,84%",MT,22/06/2020,23/06/2020 - 11:06:51:837
5391,47,"0,87%",MS,21/06/2020,23/06/2020 - 11:06:03:842
28918,688,"2,38%",MG,22/06/2020,23/06/2020 - 11:06:05:292
88636,4672,"5,27%",PA,22/06/2020,23/06/2020 - 11:06:06:855
37253,784,"2,10%",PB,22/06/2020,23/06/2020 - 11:06:07:964
52494,4252,"8,10%",PE,22/06/2020,23/06/2020 - 11:06:08:547
15269,517,"3,39%",PI,22/06/2020,23/06/2020 - 11:06:09:229
15124,469,"3,10%",PR,22/06/2020,23/06/2020 - 11:06:10:586
97572,8933,"9,16%",RJ,22/06/2020,23/06/2020 - 11:06:21:355
19957,730,"3,66%",RN,21/06/2020,23/06/2020 - 11:06:22:97
19710,458,"2,32%",RS,22/06/2020,23/06/2020 - 11:06:22:793
15827,432,"2,73%",RO,22/06/2020,23/06/2020 - 11:06:23:823
8188,251,"3,07%",RR,21/06/2020,23/06/2020 - 11:06:24:518
17937,256,"1,43%",SC,22/06/2020,23/06/2020 - 11:06:25:342
221973,12634,"5,69%",SP,22/06/2020,23/06/2020 - 11:06:38:219
19384,491,"2,53%",SE,22/06/2020,23/06/2020 - 11:06:39:110
8477,178,"2,10%",TO,21/06/2020,23/06/2020 - 11:06:40:151
11810,321,"2,72%",AC,23/06/2020,24/06/2020 - 11:06:18:741
30246,920,"3,04%",AL,23/06/2020,24/06/2020 - 11:06:49:372
26437,380,"1,44%",AP,23/06/2020,24/06/2020 - 11:06:20:29
65073,2686,"4,13%",AM,23/06/2020,24/06/2020 - 11:06:50:477
47086,1441,"3,06%",BA,22/06/2020,24/06/2020 - 11:06:52:748
98055,5728,"5,84%",CE,23/06/2020,24/06/2020 - 11:06:53:198
35368,475,"1,34%",DF,23/06/2020,24/06/2020 - 11:06:53:881
36827,1425,"3,87%",ES,23/06/2020,24/06/2020 - 11:06:54:469
18014,355,"1,97%",GO,23/06/2020,24/06/2020 - 11:06:54:956
72021,1797,"2,50%",MA,23/06/2020,24/06/2020 - 11:06:55:448
10992,423,"3,85%",MT,23/06/2020,24/06/2020 - 11:06:55:888
5784,55,"0,95%",MS,22/06/2020,24/06/2020 - 11:06:56:294
29897,720,"2,41%",MG,23/06/2020,24/06/2020 - 11:06:56:889
91708,4726,"5,15%",PA,23/06/2020,24/06/2020 - 11:06:57:337
12022,326,"2,71%",AC,24/06/2020,25/06/2020 - 11:06:24:225
31230,938,"3,00%",AL,24/06/2020,25/06/2020 - 11:06:55:206
26919,387,"1,44%",AP,24/06/2020,25/06/2020 - 11:06:15:970
66764,2710,"4,06%",AM,24/06/2020,25/06/2020 - 11:06:27:956
51931,1541,"2,97%",BA,24/06/2020,25/06/2020 - 11:06:28:696
99578,5815,"5,84%",CE,24/06/2020,25/06/2020 - 11:06:29:721
37254,495,"1,33%",DF,24/06/2020,25/06/2020 - 11:06:30:360
38483,1463,"3,80%",ES,24/06/2020,25/06/2020 - 11:06:30:947
19280,375,"1,95%",GO,24/06/2020,25/06/2020 - 11:06:31:613
73314,1836,"2,50%",MA,24/06/2020,25/06/2020 - 11:06:32:256
11443,443,"3,87%",MT,24/06/2020,25/06/2020 - 11:06:33:227
6201,56,"0,90%",MS,23/06/2020,25/06/2020 - 11:06:33:737
12304,335,"2,72%",AC,25/06/2020,26/06/2020 - 11:06:14:955
32065,958,"2,99%",AL,25/06/2020,26/06/2020 - 11:06:15:755
27415,394,"1,44%",AP,25/06/2020,26/06/2020 - 11:06:16:554
67267,2731,"4,06%",AM,25/06/2020,26/06/2020 - 11:06:17:258
54291,1601,"2,95%",BA,25/06/2020,26/06/2020 - 11:06:17:977
103118,5895,"5,72%",CE,25/06/2020,26/06/2020 - 11:06:18:793
38871,509,"1,31%",DF,25/06/2020,26/06/2020 - 11:06:19:303
40406,1490,"3,69%",ES,25/06/2020,26/06/2020 - 11:06:20:260
20377,384,"1,88%",GO,25/06/2020,26/06/2020 - 11:06:20:996
74925,1871,"2,50%",MA,25/06/2020,26/06/2020 - 11:06:21:664
12601,476,"3,78%",MT,25/06/2020,26/06/2020 - 11:06:22:496
6523,61,"0,94%",MS,24/06/2020,26/06/2020 - 11:06:23:215
32769,806,"2,46%",MG,25/06/2020,26/06/2020 - 11:06:23:957
96472,4803,"4,98%",PA,25/06/2020,26/06/2020 - 11:06:24:526
40824,842,"2,06%",PB,25/06/2020,26/06/2020 - 11:06:25:177
55136,4488,"8,14%",PE,25/06/2020,26/06/2020 - 11:06:26:90
18023,574,"3,18%",PI,25/06/2020,26/06/2020 - 11:06:26:807
12644,343,"2,71%",AC,26/06/2020,27/06/2020 - 11:06:14:853
32864,975,"2,97%",AL,26/06/2020,27/06/2020 - 11:06:15:551
27662,401,"1,45%",AP,26/06/2020,27/06/2020 - 11:06:16:375
68220,2739,"4,01%",AM,26/06/2020,27/06/2020 - 11:06:16:843
56422,1642,"2,91%",BA,26/06/2020,27/06/2020 - 11:06:17:343
105270,5962,"5,66%",CE,26/06/2020,27/06/2020 - 11:06:17:966
41326,532,"1,29%",DF,26/06/2020,27/06/2020 - 11:06:18:475
41652,1507,"3,62%",ES,26/06/2020,27/06/2020 - 11:06:18:935
21441,425,"1,98%",GO,26/06/2020,27/06/2020 - 11:06:19:418
76698,1906,"2,49%",MA,26/06/2020,27/06/2020 - 11:06:19:865
13406,504,"3,76%",MT,26/06/2020,27/06/2020 - 11:06:20:212
6913,65,"0,94%",MS,25/06/2020,27/06/2020 - 11:06:20:633
38891,833,"2,14%",MG,26/06/2020,27/06/2020 - 11:06:21:625
99313,4834,"4,87%",PA,26/06/2020,27/06/2020 - 11:06:22:411
42832,864,"2,02%",PB,26/06/2020,27/06/2020 - 11:06:23:258
55804,4610,"8,26%",PE,26/06/2020,27/06/2020 - 11:06:24:43
12913,351,"2,72%",AC,27/06/2020,28/06/2020 - 11:06:19:756
33521,993,"2,96%",AL,27/06/2020,28/06/2020 - 11:06:24:984
27901,406,"1,46%",AP,27/06/2020,28/06/2020 - 11:06:25:746
69022,2772,"4,02%",AM,27/06/2020,28/06/2020 - 11:06:26:405
65244,1697,"2,60%",BA,27/06/2020,28/06/2020 - 11:06:26:947
107064,5987,"5,59%",CE,27/06/2020,28/06/2020 - 11:06:27:444
42766,537,"1,26%",DF,27/06/2020,28/06/2020 - 11:06:27:773
41652,1507,"3,62%",ES,26/06/2020,28/06/2020 - 11:06:28:186
21865,434,"1,98%",GO,27/06/2020,28/06/2020 - 11:06:28:652
78115,1943,"2,49%",MA,27/06/2020,28/06/2020 - 11:06:29:228
13805,527,"3,82%",MT,27/06/2020,28/06/2020 - 11:06:29:890
7307,68,"0,93%",MS,26/06/2020,28/06/2020 - 11:06:30:369
40966,882,"2,15%",MG,27/06/2020,28/06/2020 - 11:06:31:94
100443,4845,"4,82%",PA,27/06/2020,28/06/2020 - 11:06:31:589
44242,896,"2,03%",PB,27/06/2020,28/06/2020 - 11:06:32:37
57089,4708,"8,25%",PE,27/06/2020,28/06/2020 - 11:06:32:462
19158,615,"3,21%",PI,27/06/2020,28/06/2020 - 11:06:33:01
19819,575,"2,90%",PR,27/06/2020,28/06/2020 - 11:06:33:419
108803,9789,"9,00%",RJ,27/06/2020,28/06/2020 - 11:06:33:875
24253,909,"3,75%",RN,26/06/2020,28/06/2020 - 11:06:34:343
25000,554,"2,22%",RS,27/06/2020,28/06/2020 - 11:06:34:751
19271,476,"2,47%",RO,26/06/2020,28/06/2020 - 11:06:35:181
13078,281,"2,15%",RR,26/06/2020,28/06/2020 - 11:06:35:523
23808,304,"1,28%",SC,27/06/2020,28/06/2020 - 11:06:35:912
265581,14263,"5,37%",SP,27/06/2020,28/06/2020 - 11:06:36:519
23319,605,"2,59%",SE,27/06/2020,28/06/2020 - 11:06:36:956
9966,191,"1,92%",TO,26/06/2020,28/06/2020 - 11:06:37:415
13058,353,"2,70%",AC,28/06/2020,29/06/2020 - 11:06:15:41
34312,1012,"2,95%",AL,28/06/2020,29/06/2020 - 11:06:15:785
27985,407,"1,45%",AP,28/06/2020,29/06/2020 - 11:06:17:130
69649,2782,"3,99%",AM,28/06/2020,29/06/2020 - 11:06:17:757
68495,1748,"2,55%",BA,28/06/2020,29/06/2020 - 11:06:18:649
107593,5995,"5,57%",CE,28/06/2020,29/06/2020 - 11:06:19:907
44905,548,"1,22%",DF,28/06/2020,29/06/2020 - 11:06:20:547
43683,1566,"3,58%",ES,28/06/2020,29/06/2020 - 11:06:21:158
22165,436,"1,97%",GO,28/06/2020,29/06/2020 - 11:06:21:865
78512,1982,"2,52%",MA,28/06/2020,29/06/2020 - 11:06:22:718
14654,556,"3,79%",MT,28/06/2020,29/06/2020 - 11:06:23:578
7527,72,"0,96%",MS,27/06/2020,29/06/2020 - 11:06:24:212
42741,899,"2,10%",MG,28/06/2020,29/06/2020 - 11:06:25:79
101207,4870,"4,81%",PA,28/06/2020,29/06/2020 - 11:06:25:745
44679,911,"2,04%",PB,28/06/2020,29/06/2020 - 11:06:26:633
58107,4751,"8,18%",PE,28/06/2020,29/06/2020 - 11:06:27:292
19753,643,"3,26%",PI,28/06/2020,29/06/2020 - 11:06:28:147