Confirmado,Mortes,Mortalidade,Capital,Atualizado,Created
603,32,"5,31%",Porto Alegre-RS,25/05/2020,26/05/2020 - 11:05:51:251
3135,85,"2,71%",Rio Branco-AC,25/05/2020,26/05/2020 - 11:05:51:892
3848,213,"5,54%",Maceió-AL,25/05/2020,26/05/2020 - 11:05:53:467
13881,1182,"8,52%",Manaus-AM,24/05/2020,26/05/2020 - 11:05:54:211
3615,98,"2,71%",Macapá-AP,25/05/2020,26/05/2020 - 11:05:54:691
8613,303,"3,52%",Salvador-BA,24/05/2020,26/05/2020 - 11:05:55:225
20146,1687,"8,37%",Fortaleza-CE,25/05/2020,26/05/2020 - 11:05:55:698
5902,98,"1,66%",Brasília-DF,24/05/2020,26/05/2020 - 11:05:56:120
1836,76,"4,14%",Vitória-ES,24/05/2020,26/05/2020 - 11:05:56:535
1200,41,"3,42%",Goiânia-GO,25/05/2020,26/05/2020 - 11:05:57:202
8068,497,"6,16%",São Luís-MA,25/05/2020,26/05/2020 - 11:05:57:728
1444,42,"2,91%",Belo Horizonte-MG,25/05/2020,26/05/2020 - 11:05:58:210
245,6,"2,45%",Campo Grande-MS,24/05/2020,26/05/2020 - 11:05:58:627
518,7,"1,35%",Cuiabá-MT,25/05/2020,26/05/2020 - 11:05:59:69
9867,1155,"11,71%",Belém-PA,25/05/2020,26/05/2020 - 11:05:59:528
2687,98,"3,65%",João Pessoa-PB,25/05/2020,26/05/2020 - 11:05:00:220
12924,835,"6,46%",Recife-PE,25/05/2020,26/05/2020 - 11:05:00:635
1821,57,"3,13%",Teresina-PI,25/05/2020,26/05/2020 - 11:05:01:76
778,36,"4,63%",Curitiba-PR,24/05/2020,26/05/2020 - 11:05:01:748
22466,2831,"12,60%",Rio de Janeiro-RJ,25/05/2020,26/05/2020 - 11:05:02:458
1895,64,"3,38%",Natal-RN,24/05/2020,26/05/2020 - 11:05:02:914
2335,76,"3,25%",Porto Velho-RO,23/05/2020,26/05/2020 - 11:05:03:378
1996,73,"3,66%",Boa Vista-RR,25/05/2020,26/05/2020 - 11:05:03:801
628,7,"1,11%",Florianópolis-SC,25/05/2020,26/05/2020 - 11:05:04:261
3239,48,"1,48%",Aracaju-SE,25/05/2020,26/05/2020 - 11:05:04:892
46204,3555,"7,69%",São Paulo-SP,25/05/2020,26/05/2020 - 11:05:05:460
6,0,"0,00%",Palmas-TO,25/05/2020,26/05/2020 - 11:05:05:974
603,32,"5,31%",Porto Alegre-RS,26/05/2020,27/05/2020 - 11:05:57:931
3135,85,"2,71%",Rio Branco-AC,25/05/2020,27/05/2020 - 11:05:58:742
4064,223,"5,49%",Maceió-AL,26/05/2020,27/05/2020 - 11:05:00:227
13881,1182,"8,52%",Manaus-AM,24/05/2020,27/05/2020 - 11:05:00:868
3674,101,"2,75%",Macapá-AP,26/05/2020,27/05/2020 - 11:05:01:508
8860,314,"3,54%",Salvador-BA,25/05/2020,27/05/2020 - 11:05:02:230
20146,1687,"8,37%",Fortaleza-CE,25/05/2020,27/05/2020 - 11:05:02:869
6451,114,"1,77%",Brasília-DF,26/05/2020,27/05/2020 - 11:05:03:271
1896,78,"4,11%",Vitória-ES,25/05/2020,27/05/2020 - 11:05:03:762
1307,44,"3,37%",Goiânia-GO,26/05/2020,27/05/2020 - 11:05:04:212
8068,497,"6,16%",São Luís-MA,25/05/2020,27/05/2020 - 11:05:04:739
1444,42,"2,91%",Belo Horizonte-MG,25/05/2020,27/05/2020 - 11:05:05:466
249,6,"2,41%",Campo Grande-MS,25/05/2020,27/05/2020 - 11:05:05:853
564,7,"1,24%",Cuiabá-MT,26/05/2020,27/05/2020 - 11:05:06:569
9867,1155,"11,71%",Belém-PA,25/05/2020,27/05/2020 - 11:05:07:219
2687,98,"3,65%",João Pessoa-PB,25/05/2020,27/05/2020 - 11:05:07:725
13549,865,"6,38%",Recife-PE,26/05/2020,27/05/2020 - 11:05:08:179
1890,66,"3,49%",Teresina-PI,26/05/2020,27/05/2020 - 11:05:08:630
790,36,"4,56%",Curitiba-PR,25/05/2020,27/05/2020 - 11:05:09:97
22466,2831,"12,60%",Rio de Janeiro-RJ,25/05/2020,27/05/2020 - 11:05:09:678
2169,66,"3,04%",Natal-RN,25/05/2020,27/05/2020 - 11:05:10:159
2444,79,"3,23%",Porto Velho-RO,25/05/2020,27/05/2020 - 11:05:10:605
1996,73,"3,66%",Boa Vista-RR,25/05/2020,27/05/2020 - 11:05:11:206
622,7,"1,13%",Florianópolis-SC,26/05/2020,27/05/2020 - 11:05:11:726
3239,48,"1,48%",Aracaju-SE,25/05/2020,27/05/2020 - 11:05:12:163
47554,3691,"7,76%",São Paulo-SP,26/05/2020,27/05/2020 - 11:05:12:725
425,6,"1,41%",Palmas-TO,26/05/2020,27/05/2020 - 11:05:13:480
603,32,"5,31%",Porto Alegre-RS,27/05/2020,28/05/2020 - 11:05:59:927
3135,85,"2,71%",Rio Branco-AC,25/05/2020,28/05/2020 - 11:05:00:547
4358,230,"5,28%",Maceió-AL,27/05/2020,28/05/2020 - 11:05:02:86
13881,1182,"8,52%",Manaus-AM,24/05/2020,28/05/2020 - 11:05:02:594
3968,108,"2,72%",Macapá-AP,27/05/2020,28/05/2020 - 11:05:03:130
9094,328,"3,61%",Salvador-BA,26/05/2020,28/05/2020 - 11:05:03:633
20789,1769,"8,51%",Fortaleza-CE,26/05/2020,28/05/2020 - 11:05:04:195
6979,123,"1,76%",Brasília-DF,27/05/2020,28/05/2020 - 11:05:04:618
1896,78,"4,11%",Vitória-ES,25/05/2020,28/05/2020 - 11:05:05:55
1393,44,"3,16%",Goiânia-GO,27/05/2020,28/05/2020 - 11:05:05:509
8353,509,"6,09%",São Luís-MA,26/05/2020,28/05/2020 - 11:05:06:56
1613,43,"2,67%",Belo Horizonte-MG,27/05/2020,28/05/2020 - 11:05:06:570
262,6,"2,29%",Campo Grande-MS,26/05/2020,28/05/2020 - 11:05:07:09
612,8,"1,31%",Cuiabá-MT,27/05/2020,28/05/2020 - 11:05:07:437
10614,1195,"11,26%",Belém-PA,27/05/2020,28/05/2020 - 11:05:07:968
2945,100,"3,40%",João Pessoa-PB,26/05/2020,28/05/2020 - 11:05:08:385
13712,902,"6,58%",Recife-PE,27/05/2020,28/05/2020 - 11:05:08:871
1982,69,"3,48%",Teresina-PI,27/05/2020,28/05/2020 - 11:05:09:305
852,37,"4,34%",Curitiba-PR,27/05/2020,28/05/2020 - 11:05:09:727
24750,3135,"12,67%",Rio de Janeiro-RJ,27/05/2020,28/05/2020 - 11:05:10:201
2221,76,"3,42%",Natal-RN,26/05/2020,28/05/2020 - 11:05:10:830
2594,88,"3,39%",Porto Velho-RO,26/05/2020,28/05/2020 - 11:05:11:285
1996,73,"3,66%",Boa Vista-RR,25/05/2020,28/05/2020 - 11:05:11:772
628,7,"1,11%",Florianópolis-SC,27/05/2020,28/05/2020 - 11:05:12:267
3239,48,"1,48%",Aracaju-SE,25/05/2020,28/05/2020 - 11:05:12:721
49264,3826,"7,77%",São Paulo-SP,27/05/2020,28/05/2020 - 11:05:13:313
425,6,"1,41%",Palmas-TO,26/05/2020,28/05/2020 - 11:05:13:779
605,35,"5,79%",Porto Alegre-RS,28/05/2020,29/05/2020 - 11:05:01:610
3135,85,"2,71%",Rio Branco-AC,25/05/2020,29/05/2020 - 11:05:06:378
4589,237,"5,16%",Maceió-AL,28/05/2020,29/05/2020 - 11:05:08:127
14800,1272,"8,59%",Manaus-AM,27/05/2020,29/05/2020 - 11:05:08:615
4294,119,"2,77%",Macapá-AP,28/05/2020,29/05/2020 - 11:05:09:360
9389,357,"3,80%",Salvador-BA,27/05/2020,29/05/2020 - 11:05:10:126
21328,1804,"8,46%",Fortaleza-CE,28/05/2020,29/05/2020 - 11:05:10:739
7490,132,"1,76%",Brasília-DF,28/05/2020,29/05/2020 - 11:05:11:236
2127,82,"3,86%",Vitória-ES,27/05/2020,29/05/2020 - 11:05:11:847
1473,49,"3,33%",Goiânia-GO,28/05/2020,29/05/2020 - 11:05:12:614
8463,517,"6,11%",São Luís-MA,27/05/2020,29/05/2020 - 11:05:13:395
1674,46,"2,75%",Belo Horizonte-MG,28/05/2020,29/05/2020 - 11:05:13:961
265,6,"2,26%",Campo Grande-MS,27/05/2020,29/05/2020 - 11:05:14:527
612,8,"1,31%",Cuiabá-MT,27/05/2020,29/05/2020 - 11:05:15:18
10614,1195,"11,26%",Belém-PA,27/05/2020,29/05/2020 - 11:05:15:617
3232,102,"3,16%",João Pessoa-PB,27/05/2020,29/05/2020 - 11:05:16:107
14086,967,"6,86%",Recife-PE,28/05/2020,29/05/2020 - 11:05:16:596
2067,75,"3,63%",Teresina-PI,28/05/2020,29/05/2020 - 11:05:17:342
904,39,"4,31%",Curitiba-PR,28/05/2020,29/05/2020 - 11:05:18:113
24750,3135,"12,67%",Rio de Janeiro-RJ,27/05/2020,29/05/2020 - 11:05:18:638
2221,76,"3,42%",Natal-RN,26/05/2020,29/05/2020 - 11:05:19:383
2841,91,"3,20%",Porto Velho-RO,27/05/2020,29/05/2020 - 11:05:20:86
1996,73,"3,66%",Boa Vista-RR,25/05/2020,29/05/2020 - 11:05:20:614
641,7,"1,09%",Florianópolis-SC,28/05/2020,29/05/2020 - 11:05:21:101
3492,57,"1,63%",Aracaju-SE,27/05/2020,29/05/2020 - 11:05:21:623
52719,3958,"7,51%",São Paulo-SP,28/05/2020,29/05/2020 - 11:05:22:252
425,6,"1,41%",Palmas-TO,26/05/2020,29/05/2020 - 11:05:22:834
637,34,"5,34%",Porto Alegre-RS,29/05/2020,30/05/2020 - 11:05:59:118
3135,85,"2,71%",Rio Branco-AC,25/05/2020,30/05/2020 - 11:05:59:615
4833,248,"5,13%",Maceió-AL,29/05/2020,30/05/2020 - 11:05:01:79
15769,1314,"8,33%",Manaus-AM,28/05/2020,30/05/2020 - 11:05:01:489
4346,123,"2,83%",Macapá-AP,29/05/2020,30/05/2020 - 11:05:01:858
10353,421,"4,07%",Salvador-BA,29/05/2020,30/05/2020 - 11:05:02:274
21705,1877,"8,65%",Fortaleza-CE,29/05/2020,30/05/2020 - 11:05:02:814
7877,142,"1,80%",Brasília-DF,29/05/2020,30/05/2020 - 11:05:03:217
2318,90,"3,88%",Vitória-ES,29/05/2020,30/05/2020 - 11:05:03:620
1556,49,"3,15%",Goiânia-GO,29/05/2020,30/05/2020 - 11:05:04:15
8882,521,"5,87%",São Luís-MA,29/05/2020,30/05/2020 - 11:05:04:657
1766,48,"2,72%",Belo Horizonte-MG,29/05/2020,30/05/2020 - 11:05:05:248
278,6,"2,16%",Campo Grande-MS,28/05/2020,30/05/2020 - 11:05:05:621
612,8,"1,31%",Cuiabá-MT,27/05/2020,30/05/2020 - 11:05:05:992
11509,1311,"11,39%",Belém-PA,29/05/2020,30/05/2020 - 11:05:06:401
3685,114,"3,09%",João Pessoa-PB,29/05/2020,30/05/2020 - 11:05:06:773
14365,1004,"6,99%",Recife-PE,29/05/2020,30/05/2020 - 11:05:07:173
2157,83,"3,85%",Teresina-PI,29/05/2020,30/05/2020 - 11:05:07:536
921,42,"4,56%",Curitiba-PR,29/05/2020,30/05/2020 - 11:05:07:930
25974,3293,"12,68%",Rio de Janeiro-RJ,28/05/2020,30/05/2020 - 11:05:08:345
2576,85,"3,30%",Natal-RN,28/05/2020,30/05/2020 - 11:05:09:58
3245,99,"3,05%",Porto Velho-RO,29/05/2020,30/05/2020 - 11:05:09:410
1996,73,"3,66%",Boa Vista-RR,25/05/2020,30/05/2020 - 11:05:09:767
641,7,"1,09%",Florianópolis-SC,28/05/2020,30/05/2020 - 11:05:10:136
3492,57,"1,63%",Aracaju-SE,27/05/2020,30/05/2020 - 11:05:10:518
55741,4116,"7,38%",São Paulo-SP,29/05/2020,30/05/2020 - 11:05:11:33
425,6,"1,41%",Palmas-TO,26/05/2020,30/05/2020 - 11:05:11:433
731,34,"4,65%",Porto Alegre-RS,30/05/2020,31/05/2020 - 11:05:01:577
3895,110,"2,82%",Rio Branco-AC,29/05/2020,31/05/2020 - 11:05:22:74
5107,262,"5,13%",Maceió-AL,30/05/2020,31/05/2020 - 11:05:42:592
17492,1349,"7,71%",Manaus-AM,29/05/2020,31/05/2020 - 11:05:03:77
4992,127,"2,54%",Macapá-AP,30/05/2020,31/05/2020 - 11:05:21:91
10353,421,"4,07%",Salvador-BA,29/05/2020,31/05/2020 - 11:05:21:564
23378,1939,"8,29%",Fortaleza-CE,30/05/2020,31/05/2020 - 11:05:22:09
7877,142,"1,80%",Brasília-DF,29/05/2020,31/05/2020 - 11:05:22:821
2318,90,"3,88%",Vitória-ES,29/05/2020,31/05/2020 - 11:05:23:237
1556,49,"3,15%",Goiânia-GO,29/05/2020,31/05/2020 - 11:05:23:637
8882,521,"5,87%",São Luís-MA,29/05/2020,31/05/2020 - 11:05:24:30
1778,49,"2,76%",Belo Horizonte-MG,30/05/2020,31/05/2020 - 11:05:24:505
283,6,"2,12%",Campo Grande-MS,29/05/2020,31/05/2020 - 11:05:24:881
723,9,"1,24%",Cuiabá-MT,30/05/2020,31/05/2020 - 11:05:25:822
11509,1311,"11,39%",Belém-PA,29/05/2020,31/05/2020 - 11:05:26:216
3902,126,"3,23%",João Pessoa-PB,30/05/2020,31/05/2020 - 11:05:28:322
14832,1040,"7,01%",Recife-PE,30/05/2020,31/05/2020 - 11:05:28:727
2248,85,"3,78%",Teresina-PI,30/05/2020,31/05/2020 - 11:05:29:119
921,42,"4,56%",Curitiba-PR,29/05/2020,31/05/2020 - 11:05:29:700
27311,3430,"12,56%",Rio de Janeiro-RJ,29/05/2020,31/05/2020 - 11:05:30:83
2576,85,"3,30%",Natal-RN,28/05/2020,31/05/2020 - 11:05:30:490
3245,99,"3,05%",Porto Velho-RO,29/05/2020,31/05/2020 - 11:05:31:17
1996,73,"3,66%",Boa Vista-RR,25/05/2020,31/05/2020 - 11:05:31:407
644,7,"1,09%",Florianópolis-SC,29/05/2020,31/05/2020 - 11:05:31:811
3623,59,"1,63%",Aracaju-SE,28/05/2020,31/05/2020 - 11:05:32:192
58619,4239,"7,23%",São Paulo-SP,30/05/2020,31/05/2020 - 11:05:32:655
425,6,"1,41%",Palmas-TO,26/05/2020,31/05/2020 - 11:05:33:42
731,34,"4,65%",Porto Alegre-RS,30/05/2020,01/06/2020 - 11:06:01:848
4020,114,"2,84%",Rio Branco-AC,30/05/2020,01/06/2020 - 11:06:02:660
5107,262,"5,13%",Maceió-AL,30/05/2020,01/06/2020 - 11:06:04:376
17492,1349,"7,71%",Manaus-AM,29/05/2020,01/06/2020 - 11:06:05:06
4992,127,"2,54%",Macapá-AP,30/05/2020,01/06/2020 - 11:06:05:750
10724,443,"4,13%",Salvador-BA,30/05/2020,01/06/2020 - 11:06:06:498
23378,1939,"8,29%",Fortaleza-CE,30/05/2020,01/06/2020 - 11:06:07:207
7877,142,"1,80%",Brasília-DF,29/05/2020,01/06/2020 - 11:06:07:743
2318,90,"3,88%",Vitória-ES,29/05/2020,01/06/2020 - 11:06:08:291
1581,52,"3,29%",Goiânia-GO,30/05/2020,01/06/2020 - 11:06:08:940
9141,524,"5,73%",São Luís-MA,30/05/2020,01/06/2020 - 11:06:09:529
1778,49,"2,76%",Belo Horizonte-MG,30/05/2020,01/06/2020 - 11:06:10:440
283,6,"2,12%",Campo Grande-MS,29/05/2020,01/06/2020 - 11:06:10:975
723,9,"1,24%",Cuiabá-MT,30/05/2020,01/06/2020 - 11:06:11:447
11587,1320,"11,39%",Belém-PA,30/05/2020,01/06/2020 - 11:06:11:978
3902,126,"3,23%",João Pessoa-PB,30/05/2020,01/06/2020 - 11:06:12:542
14832,1040,"7,01%",Recife-PE,30/05/2020,01/06/2020 - 11:06:13:187
2248,85,"3,78%",Teresina-PI,30/05/2020,01/06/2020 - 11:06:13:768
921,42,"4,56%",Curitiba-PR,29/05/2020,01/06/2020 - 11:06:14:420
28481,3525,"12,38%",Rio de Janeiro-RJ,30/05/2020,01/06/2020 - 11:06:15:22
2576,85,"3,30%",Natal-RN,28/05/2020,01/06/2020 - 11:06:15:700
3361,105,"3,12%",Porto Velho-RO,30/05/2020,01/06/2020 - 11:06:16:224
1996,73,"3,66%",Boa Vista-RR,25/05/2020,01/06/2020 - 11:06:16:744
657,7,"1,07%",Florianópolis-SC,30/05/2020,01/06/2020 - 11:06:17:510
3944,68,"1,72%",Aracaju-SE,30/05/2020,01/06/2020 - 11:06:18:09
58619,4239,"7,23%",São Paulo-SP,30/05/2020,01/06/2020 - 11:06:18:664
578,7,"1,21%",Palmas-TO,30/05/2020,01/06/2020 - 11:06:19:217
744,37,"4,97%",Porto Alegre-RS,01/06/2020,02/06/2020 - 11:06:51:13
4104,116,"2,83%",Rio Branco-AC,31/05/2020,02/06/2020 - 11:06:51:463
6097,288,"4,72%",Maceió-AL,01/06/2020,02/06/2020 - 11:06:53:230
18293,1366,"7,47%",Manaus-AM,31/05/2020,02/06/2020 - 11:06:53:602
5079,136,"2,68%",Macapá-AP,01/06/2020,02/06/2020 - 11:06:53:994
11431,474,"4,15%",Salvador-BA,01/06/2020,02/06/2020 - 11:06:54:398
24104,2084,"8,65%",Fortaleza-CE,01/06/2020,02/06/2020 - 11:06:54:800
8807,157,"1,78%",Brasília-DF,31/05/2020,02/06/2020 - 11:06:55:151
2453,96,"3,91%",Vitória-ES,31/05/2020,02/06/2020 - 11:06:55:636
1730,53,"3,06%",Goiânia-GO,01/06/2020,02/06/2020 - 11:06:56:69
9255,526,"5,68%",São Luís-MA,31/05/2020,02/06/2020 - 11:06:56:733
1882,49,"2,60%",Belo Horizonte-MG,01/06/2020,02/06/2020 - 11:06:57:155
293,7,"2,39%",Campo Grande-MS,30/05/2020,02/06/2020 - 11:06:57:958
795,11,"1,38%",Cuiabá-MT,01/06/2020,02/06/2020 - 11:06:58:340
11885,1335,"11,23%",Belém-PA,01/06/2020,02/06/2020 - 11:06:58:692
3959,130,"3,28%",João Pessoa-PB,31/05/2020,02/06/2020 - 11:06:59:108
15474,1081,"6,99%",Recife-PE,01/06/2020,02/06/2020 - 11:06:59:725
2304,90,"3,91%",Teresina-PI,31/05/2020,02/06/2020 - 11:06:00:159
984,47,"4,78%",Curitiba-PR,31/05/2020,02/06/2020 - 11:06:00:885
29157,3578,"12,27%",Rio de Janeiro-RJ,31/05/2020,02/06/2020 - 11:06:01:336
2576,85,"3,30%",Natal-RN,28/05/2020,02/06/2020 - 11:06:01:965
3495,109,"3,12%",Porto Velho-RO,31/05/2020,02/06/2020 - 11:06:02:414
2615,96,"3,67%",Boa Vista-RR,30/05/2020,02/06/2020 - 11:06:02:807
687,7,"1,02%",Florianópolis-SC,01/06/2020,02/06/2020 - 11:06:03:226
4061,71,"1,75%",Aracaju-SE,31/05/2020,02/06/2020 - 11:06:03:628
61126,4304,"7,04%",São Paulo-SP,01/06/2020,02/06/2020 - 11:06:04:106
611,8,"1,31%",Palmas-TO,01/06/2020,02/06/2020 - 11:06:04:510
747,39,"5,22%",Porto Alegre-RS,02/06/2020,03/06/2020 - 11:06:01:850
4189,127,"3,03%",Rio Branco-AC,01/06/2020,03/06/2020 - 11:06:02:347
6325,301,"4,76%",Maceió-AL,02/06/2020,03/06/2020 - 11:06:03:854
18293,1366,"7,47%",Manaus-AM,31/05/2020,03/06/2020 - 11:06:04:189
5244,140,"2,67%",Macapá-AP,02/06/2020,03/06/2020 - 11:06:04:540
11431,474,"4,15%",Salvador-BA,01/06/2020,03/06/2020 - 11:06:04:972
24104,2084,"8,65%",Fortaleza-CE,01/06/2020,03/06/2020 - 11:06:05:424
9486,160,"1,69%",Brasília-DF,01/06/2020,03/06/2020 - 11:06:05:756
2453,96,"3,91%",Vitória-ES,31/05/2020,03/06/2020 - 11:06:06:102
1730,53,"3,06%",Goiânia-GO,01/06/2020,03/06/2020 - 11:06:06:535
9447,528,"5,59%",São Luís-MA,01/06/2020,03/06/2020 - 11:06:06:894
1912,51,"2,67%",Belo Horizonte-MG,02/06/2020,03/06/2020 - 11:06:07:324
317,7,"2,21%",Campo Grande-MS,01/06/2020,03/06/2020 - 11:06:07:662
795,11,"1,38%",Cuiabá-MT,01/06/2020,03/06/2020 - 11:06:08:322
11885,1335,"11,23%",Belém-PA,01/06/2020,03/06/2020 - 11:06:08:739
4151,131,"3,16%",João Pessoa-PB,01/06/2020,03/06/2020 - 11:06:09:107
15565,1097,"7,05%",Recife-PE,02/06/2020,03/06/2020 - 11:06:09:579
2531,101,"3,99%",Teresina-PI,02/06/2020,03/06/2020 - 11:06:10:11
1005,49,"4,88%",Curitiba-PR,01/06/2020,03/06/2020 - 11:06:10:384
31204,3828,"12,27%",Rio de Janeiro-RJ,02/06/2020,03/06/2020 - 11:06:10:740
3209,113,"3,52%",Natal-RN,01/06/2020,03/06/2020 - 11:06:11:41
3495,109,"3,12%",Porto Velho-RO,31/05/2020,03/06/2020 - 11:06:11:492
2615,96,"3,67%",Boa Vista-RR,30/05/2020,03/06/2020 - 11:06:11:819
697,7,"1,00%",Florianópolis-SC,02/06/2020,03/06/2020 - 11:06:12:165
4190,75,"1,79%",Aracaju-SE,01/06/2020,03/06/2020 - 11:06:12:518
61126,4304,"7,04%",São Paulo-SP,01/06/2020,03/06/2020 - 11:06:13:40
611,8,"1,31%",Palmas-TO,01/06/2020,03/06/2020 - 11:06:13:416
778,41,"5,27%",Porto Alegre-RS,03/06/2020,04/06/2020 - 11:06:00:199
4237,129,"3,04%",Rio Branco-AC,02/06/2020,04/06/2020 - 11:06:00:728
6760,317,"4,69%",Maceió-AL,03/06/2020,04/06/2020 - 11:06:02:810
18981,1390,"7,32%",Manaus-AM,02/06/2020,04/06/2020 - 11:06:03:719
5244,140,"2,67%",Macapá-AP,02/06/2020,04/06/2020 - 11:06:04:456
13278,511,"3,85%",Salvador-BA,03/06/2020,04/06/2020 - 11:06:04:970
25726,2334,"9,07%",Fortaleza-CE,03/06/2020,04/06/2020 - 11:06:05:462
10881,176,"1,62%",Brasília-DF,03/06/2020,04/06/2020 - 11:06:05:966
2864,109,"3,81%",Vitória-ES,03/06/2020,04/06/2020 - 11:06:06:460
1847,67,"3,63%",Goiânia-GO,03/06/2020,04/06/2020 - 11:06:06:959
9917,538,"5,43%",São Luís-MA,03/06/2020,04/06/2020 - 11:06:07:446
2029,51,"2,51%",Belo Horizonte-MG,03/06/2020,04/06/2020 - 11:06:07:992
329,7,"2,13%",Campo Grande-MS,02/06/2020,04/06/2020 - 11:06:08:439
888,13,"1,46%",Cuiabá-MT,03/06/2020,04/06/2020 - 11:06:08:918
12688,1381,"10,88%",Belém-PA,02/06/2020,04/06/2020 - 11:06:09:384
4820,153,"3,17%",João Pessoa-PB,03/06/2020,04/06/2020 - 11:06:09:903
15749,1100,"6,98%",Recife-PE,03/06/2020,04/06/2020 - 11:06:10:397
2650,107,"4,04%",Teresina-PI,03/06/2020,04/06/2020 - 11:06:10:881
1028,51,"4,96%",Curitiba-PR,02/06/2020,04/06/2020 - 11:06:11:417
32951,4055,"12,31%",Rio de Janeiro-RJ,03/06/2020,04/06/2020 - 11:06:11:861
3496,126,"3,60%",Natal-RN,02/06/2020,04/06/2020 - 11:06:12:340
3854,119,"3,09%",Porto Velho-RO,02/06/2020,04/06/2020 - 11:06:12:970
3133,102,"3,26%",Boa Vista-RR,02/06/2020,04/06/2020 - 11:06:13:458
697,7,"1,00%",Florianópolis-SC,02/06/2020,04/06/2020 - 11:06:13:966
4400,79,"1,80%",Aracaju-SE,02/06/2020,04/06/2020 - 11:06:14:434
66777,4564,"6,83%",São Paulo-SP,03/06/2020,04/06/2020 - 11:06:15:48
611,8,"1,31%",Palmas-TO,01/06/2020,04/06/2020 - 11:06:15:720
949,42,"4,43%",Porto Alegre-RS,04/06/2020,05/06/2020 - 11:06:01:124
4289,131,"3,05%",Rio Branco-AC,03/06/2020,05/06/2020 - 11:06:05:121
6760,317,"4,69%",Maceió-AL,03/06/2020,05/06/2020 - 11:06:06:574
18981,1390,"7,32%",Manaus-AM,02/06/2020,05/06/2020 - 11:06:06:881
5244,140,"2,67%",Macapá-AP,02/06/2020,05/06/2020 - 11:06:07:162
13278,511,"3,85%",Salvador-BA,03/06/2020,05/06/2020 - 11:06:07:500
25726,2334,"9,07%",Fortaleza-CE,03/06/2020,05/06/2020 - 11:06:07:800
10881,176,"1,62%",Brasília-DF,03/06/2020,05/06/2020 - 11:06:08:238
2864,109,"3,81%",Vitória-ES,03/06/2020,05/06/2020 - 11:06:08:648
2028,71,"3,50%",Goiânia-GO,04/06/2020,05/06/2020 - 11:06:09:38
9917,538,"5,43%",São Luís-MA,03/06/2020,05/06/2020 - 11:06:09:358
2029,51,"2,51%",Belo Horizonte-MG,03/06/2020,05/06/2020 - 11:06:09:813
329,7,"2,13%",Campo Grande-MS,02/06/2020,05/06/2020 - 11:06:10:366
888,13,"1,46%",Cuiabá-MT,03/06/2020,05/06/2020 - 11:06:10:659
13032,1416,"10,87%",Belém-PA,03/06/2020,05/06/2020 - 11:06:11:127
4820,153,"3,17%",João Pessoa-PB,03/06/2020,05/06/2020 - 11:06:11:505
15977,1120,"7,01%",Recife-PE,04/06/2020,05/06/2020 - 11:06:11:844
2965,116,"3,91%",Teresina-PI,04/06/2020,05/06/2020 - 11:06:12:173
1099,53,"4,82%",Curitiba-PR,03/06/2020,05/06/2020 - 11:06:12:507
32951,4055,"12,31%",Rio de Janeiro-RJ,03/06/2020,05/06/2020 - 11:06:12:973
3496,126,"3,60%",Natal-RN,02/06/2020,05/06/2020 - 11:06:13:310
3917,126,"3,22%",Porto Velho-RO,03/06/2020,05/06/2020 - 11:06:13:620
3133,102,"3,26%",Boa Vista-RR,02/06/2020,05/06/2020 - 11:06:13:917
697,7,"1,00%",Florianópolis-SC,02/06/2020,05/06/2020 - 11:06:14:241
4582,83,"1,81%",Aracaju-SE,03/06/2020,05/06/2020 - 11:06:14:545
69347,4675,"6,74%",São Paulo-SP,04/06/2020,05/06/2020 - 11:06:15:87
665,8,"1,20%",Palmas-TO,03/06/2020,05/06/2020 - 11:06:15:402
1077,43,"3,99%",Porto Alegre-RS,05/06/2020,06/06/2020 - 11:06:59:485
4289,131,"3,05%",Rio Branco-AC,03/06/2020,06/06/2020 - 11:06:59:996
7513,354,"4,71%",Maceió-AL,05/06/2020,06/06/2020 - 11:06:06:497
19962,1417,"7,10%",Manaus-AM,04/06/2020,06/06/2020 - 11:06:06:843
5465,155,"2,84%",Macapá-AP,04/06/2020,06/06/2020 - 11:06:07:165
15173,558,"3,68%",Salvador-BA,05/06/2020,06/06/2020 - 11:06:07:543
27074,2453,"9,06%",Fortaleza-CE,05/06/2020,06/06/2020 - 11:06:07:866
11698,181,"1,55%",Brasília-DF,04/06/2020,06/06/2020 - 11:06:08:246
2987,113,"3,78%",Vitória-ES,04/06/2020,06/06/2020 - 11:06:08:584
2291,72,"3,14%",Goiânia-GO,05/06/2020,06/06/2020 - 11:06:08:934
10070,549,"5,45%",São Luís-MA,05/06/2020,06/06/2020 - 11:06:09:274
2305,58,"2,52%",Belo Horizonte-MG,05/06/2020,06/06/2020 - 11:06:09:653
351,8,"2,28%",Campo Grande-MS,04/06/2020,06/06/2020 - 11:06:10:21
1037,16,"1,54%",Cuiabá-MT,05/06/2020,06/06/2020 - 11:06:10:334
13032,1416,"10,87%",Belém-PA,03/06/2020,06/06/2020 - 11:06:10:671
5552,159,"2,86%",João Pessoa-PB,05/06/2020,06/06/2020 - 11:06:11:32
16250,1177,"7,24%",Recife-PE,05/06/2020,06/06/2020 - 11:06:11:375
3137,119,"3,79%",Teresina-PI,05/06/2020,06/06/2020 - 11:06:11:729
1143,53,"4,64%",Curitiba-PR,04/06/2020,06/06/2020 - 11:06:12:91
35043,4309,"12,30%",Rio de Janeiro-RJ,05/06/2020,06/06/2020 - 11:06:12:440
3538,127,"3,59%",Natal-RN,03/06/2020,06/06/2020 - 11:06:12:758
4343,139,"3,20%",Porto Velho-RO,04/06/2020,06/06/2020 - 11:06:13:72
4000,116,"2,90%",Boa Vista-RR,05/06/2020,06/06/2020 - 11:06:13:396
727,7,"0,96%",Florianópolis-SC,04/06/2020,06/06/2020 - 11:06:13:702
4691,85,"1,81%",Aracaju-SE,04/06/2020,06/06/2020 - 11:06:14:02
71453,4805,"6,72%",São Paulo-SP,05/06/2020,06/06/2020 - 11:06:14:453
725,8,"1,10%",Palmas-TO,05/06/2020,06/06/2020 - 11:06:14:747
1077,43,"3,99%",Porto Alegre-RS,06/06/2020,07/06/2020 - 11:06:01:538
4448,140,"3,15%",Rio Branco-AC,06/06/2020,07/06/2020 - 11:06:08:248
7840,369,"4,71%",Maceió-AL,06/06/2020,07/06/2020 - 11:06:09:511
20785,1462,"7,03%",Manaus-AM,06/06/2020,07/06/2020 - 11:06:09:895
5550,159,"2,86%",Macapá-AP,06/06/2020,07/06/2020 - 11:06:10:269
15173,558,"3,68%",Salvador-BA,06/06/2020,07/06/2020 - 11:06:10:732
27320,2459,"9,00%",Fortaleza-CE,06/06/2020,07/06/2020 - 11:06:11:102
12864,186,"1,45%",Brasília-DF,06/06/2020,07/06/2020 - 11:06:11:567
3385,122,"3,60%",Vitória-ES,06/06/2020,07/06/2020 - 11:06:11:981
2329,75,"3,22%",Goiânia-GO,06/06/2020,07/06/2020 - 11:06:12:506
10494,557,"5,31%",São Luís-MA,06/06/2020,07/06/2020 - 11:06:13:02
2305,58,"2,52%",Belo Horizonte-MG,06/06/2020,07/06/2020 - 11:06:13:520
351,8,"2,28%",Campo Grande-MS,06/06/2020,07/06/2020 - 11:06:13:898
1081,17,"1,57%",Cuiabá-MT,06/06/2020,07/06/2020 - 11:06:14:310
13032,1416,"10,87%",Belém-PA,06/06/2020,07/06/2020 - 11:06:14:689
5918,167,"2,82%",João Pessoa-PB,06/06/2020,07/06/2020 - 11:06:15:90
16520,1207,"7,31%",Recife-PE,06/06/2020,07/06/2020 - 11:06:15:479
3226,128,"3,97%",Teresina-PI,06/06/2020,07/06/2020 - 11:06:15:884
1143,53,"4,64%",Curitiba-PR,06/06/2020,07/06/2020 - 11:06:16:323
35703,4401,"12,33%",Rio de Janeiro-RJ,06/06/2020,07/06/2020 - 11:06:16:705
3610,131,"3,63%",Natal-RN,05/06/2020,07/06/2020 - 11:06:17:92
4343,139,"3,20%",Porto Velho-RO,06/06/2020,07/06/2020 - 11:06:17:452
4000,116,"2,90%",Boa Vista-RR,05/06/2020,07/06/2020 - 11:06:17:886
783,8,"1,02%",Florianópolis-SC,06/06/2020,07/06/2020 - 11:06:18:256
5123,94,"1,83%",Aracaju-SE,06/06/2020,07/06/2020 - 11:06:18:841
73861,4901,"6,64%",São Paulo-SP,06/06/2020,07/06/2020 - 11:06:19:340
665,8,"1,20%",Palmas-TO,05/06/2020,07/06/2020 - 11:06:19:727
1139,44,"3,86%",Porto Alegre-RS,07/06/2020,08/06/2020 - 11:06:31:977
4448,140,"3,15%",Rio Branco-AC,07/06/2020,08/06/2020 - 11:06:32:554
8134,377,"4,63%",Maceió-AL,07/06/2020,08/06/2020 - 11:06:32:958
20837,1466,"7,04%",Manaus-AM,07/06/2020,08/06/2020 - 11:06:33:625
5579,162,"2,90%",Macapá-AP,07/06/2020,08/06/2020 - 11:06:35:471
16001,600,"3,75%",Salvador-BA,07/06/2020,08/06/2020 - 11:06:35:963
27320,2459,"9,00%",Fortaleza-CE,07/06/2020,08/06/2020 - 11:06:36:470
12864,186,"1,45%",Brasília-DF,07/06/2020,08/06/2020 - 11:06:36:961
3508,126,"3,59%",Vitória-ES,07/06/2020,08/06/2020 - 11:06:37:557
2345,75,"3,20%",Goiânia-GO,07/06/2020,08/06/2020 - 11:06:37:916
10613,568,"5,35%",São Luís-MA,07/06/2020,08/06/2020 - 11:06:38:452
2497,59,"2,36%",Belo Horizonte-MG,07/06/2020,08/06/2020 - 11:06:38:995
388,8,"2,06%",Campo Grande-MS,06/06/2020,08/06/2020 - 11:06:39:520
1212,24,"1,98%",Cuiabá-MT,07/06/2020,08/06/2020 - 11:06:40:19
14091,1588,"11,27%",Belém-PA,07/06/2020,08/06/2020 - 11:06:40:489
6004,170,"2,83%",João Pessoa-PB,07/06/2020,08/06/2020 - 11:06:41:78
16695,1235,"7,40%",Recife-PE,07/06/2020,08/06/2020 - 11:06:41:621
3309,137,"4,14%",Teresina-PI,07/06/2020,08/06/2020 - 11:06:42:112
1143,53,"4,64%",Curitiba-PR,07/06/2020,08/06/2020 - 11:06:42:601
36115,4462,"12,35%",Rio de Janeiro-RJ,07/06/2020,08/06/2020 - 11:06:42:979
3610,131,"3,63%",Natal-RN,05/06/2020,08/06/2020 - 11:06:43:558
4343,139,"3,20%",Porto Velho-RO,07/06/2020,08/06/2020 - 11:06:43:950
4000,116,"2,90%",Boa Vista-RR,07/06/2020,08/06/2020 - 11:06:44:447
783,8,"1,02%",Florianópolis-SC,07/06/2020,08/06/2020 - 11:06:44:944
5296,98,"1,85%",Aracaju-SE,07/06/2020,08/06/2020 - 11:06:45:440
74796,4920,"6,58%",São Paulo-SP,07/06/2020,08/06/2020 - 11:06:46:53
793,8,"1,01%",Palmas-TO,07/06/2020,08/06/2020 - 11:06:46:545
1139,44,"3,86%",Porto Alegre-RS,08/06/2020,09/06/2020 - 11:06:02:543
4629,151,"3,26%",Rio Branco-AC,08/06/2020,09/06/2020 - 11:06:03:466
8134,377,"4,63%",Maceió-AL,08/06/2020,09/06/2020 - 11:06:05:215
20948,1475,"7,04%",Manaus-AM,08/06/2020,09/06/2020 - 11:06:05:997
5579,162,"2,90%",Macapá-AP,08/06/2020,09/06/2020 - 11:06:06:703
16001,600,"3,75%",Salvador-BA,08/06/2020,09/06/2020 - 11:06:07:468
27320,2459,"9,00%",Fortaleza-CE,08/06/2020,09/06/2020 - 11:06:08:712
15015,196,"1,31%",Brasília-DF,08/06/2020,09/06/2020 - 11:06:09:455
3633,133,"3,66%",Vitória-ES,08/06/2020,09/06/2020 - 11:06:10:100
2428,75,"3,09%",Goiânia-GO,08/06/2020,09/06/2020 - 11:06:10:758
10755,577,"5,36%",São Luís-MA,08/06/2020,09/06/2020 - 11:06:11:401
2514,59,"2,35%",Belo Horizonte-MG,08/06/2020,09/06/2020 - 11:06:12:113
398,8,"2,01%",Campo Grande-MS,07/06/2020,09/06/2020 - 11:06:12:623
1212,24,"1,98%",Cuiabá-MT,08/06/2020,09/06/2020 - 11:06:13:509
14506,1632,"11,25%",Belém-PA,08/06/2020,09/06/2020 - 11:06:14:74
6246,183,"2,93%",João Pessoa-PB,08/06/2020,09/06/2020 - 11:06:15:545
16695,1235,"7,40%",Recife-PE,07/06/2020,09/06/2020 - 11:06:16:58
3309,137,"4,14%",Teresina-PI,08/06/2020,09/06/2020 - 11:06:16:589
1143,53,"4,64%",Curitiba-PR,08/06/2020,09/06/2020 - 11:06:17:252
36115,4462,"12,35%",Rio de Janeiro-RJ,08/06/2020,09/06/2020 - 11:06:17:742
4139,145,"3,50%",Natal-RN,07/06/2020,09/06/2020 - 11:06:18:357
4343,139,"3,20%",Porto Velho-RO,08/06/2020,09/06/2020 - 11:06:18:938
4210,119,"2,83%",Boa Vista-RR,07/06/2020,09/06/2020 - 11:06:19:435
807,8,"0,99%",Florianópolis-SC,08/06/2020,09/06/2020 - 11:06:19:982
5572,107,"1,92%",Aracaju-SE,08/06/2020,09/06/2020 - 11:06:20:579
75699,4937,"6,52%",São Paulo-SP,08/06/2020,09/06/2020 - 11:06:21:170
806,9,"1,12%",Palmas-TO,08/06/2020,09/06/2020 - 11:06:21:689
1153,46,"3,99%",Porto Alegre-RS,09/06/2020,10/06/2020 - 11:06:57:176
4703,160,"3,40%",Rio Branco-AC,09/06/2020,10/06/2020 - 11:06:57:789
8698,406,"4,67%",Maceió-AL,09/06/2020,10/06/2020 - 11:06:59:631
21605,1501,"6,95%",Manaus-AM,09/06/2020,10/06/2020 - 11:06:00:272
5750,170,"2,96%",Macapá-AP,09/06/2020,10/06/2020 - 11:06:00:756
17176,640,"3,73%",Salvador-BA,09/06/2020,10/06/2020 - 11:06:01:317
28550,2637,"9,24%",Fortaleza-CE,09/06/2020,10/06/2020 - 11:06:01:873
16344,214,"1,31%",Brasília-DF,09/06/2020,10/06/2020 - 11:06:02:407
3857,138,"3,58%",Vitória-ES,09/06/2020,10/06/2020 - 11:06:02:910
2616,81,"3,10%",Goiânia-GO,09/06/2020,10/06/2020 - 11:06:03:425
11029,586,"5,31%",São Luís-MA,09/06/2020,10/06/2020 - 11:06:04:07
2549,62,"2,43%",Belo Horizonte-MG,09/06/2020,10/06/2020 - 11:06:04:582
422,8,"1,90%",Campo Grande-MS,08/06/2020,10/06/2020 - 11:06:05:59
1285,30,"2,33%",Cuiabá-MT,08/06/2020,10/06/2020 - 11:06:05:644
14880,1644,"11,05%",Belém-PA,09/06/2020,10/06/2020 - 11:06:06:166
6583,198,"3,01%",João Pessoa-PB,09/06/2020,10/06/2020 - 11:06:06:680
17037,1270,"7,45%",Recife-PE,09/06/2020,10/06/2020 - 11:06:07:264
3630,151,"4,16%",Teresina-PI,09/06/2020,10/06/2020 - 11:06:07:781
1357,62,"4,57%",Curitiba-PR,09/06/2020,10/06/2020 - 11:06:08:304
36893,4516,"12,24%",Rio de Janeiro-RJ,09/06/2020,10/06/2020 - 11:06:08:714
4208,163,"3,87%",Natal-RN,08/06/2020,10/06/2020 - 11:06:09:194
5495,180,"3,28%",Porto Velho-RO,09/06/2020,10/06/2020 - 11:06:09:618
4210,119,"2,83%",Boa Vista-RR,08/06/2020,10/06/2020 - 11:06:10:92
840,8,"0,95%",Florianópolis-SC,09/06/2020,10/06/2020 - 11:06:10:595
5815,113,"1,94%",Aracaju-SE,09/06/2020,10/06/2020 - 11:06:11:107
78026,5073,"6,50%",São Paulo-SP,09/06/2020,10/06/2020 - 11:06:11:584
835,9,"1,08%",Palmas-TO,08/06/2020,10/06/2020 - 11:06:12:23
1245,48,"3,86%",Porto Alegre-RS,10/06/2020,11/06/2020 - 11:06:58:422
4717,171,"3,63%",Rio Branco-AC,10/06/2020,11/06/2020 - 11:06:59:105
9044,419,"4,63%",Maceió-AL,10/06/2020,11/06/2020 - 11:06:01:117
22159,1534,"6,92%",Manaus-AM,10/06/2020,11/06/2020 - 11:06:02:100
6084,173,"2,84%",Macapá-AP,10/06/2020,11/06/2020 - 11:06:02:663
18151,674,"3,71%",Salvador-BA,10/06/2020,11/06/2020 - 11:06:03:395
29322,2714,"9,26%",Fortaleza-CE,10/06/2020,11/06/2020 - 11:06:03:997
17543,232,"1,32%",Brasília-DF,10/06/2020,11/06/2020 - 11:06:04:573
4074,147,"3,61%",Vitória-ES,10/06/2020,11/06/2020 - 11:06:05:174
2775,82,"2,95%",Goiânia-GO,10/06/2020,11/06/2020 - 11:06:05:734
11285,588,"5,21%",São Luís-MA,10/06/2020,11/06/2020 - 11:06:06:332
2832,62,"2,19%",Belo Horizonte-MG,10/06/2020,11/06/2020 - 11:06:07:106
434,8,"1,84%",Campo Grande-MS,09/06/2020,11/06/2020 - 11:06:07:676
1367,40,"2,93%",Cuiabá-MT,10/06/2020,11/06/2020 - 11:06:08:202
15251,1658,"10,87%",Belém-PA,10/06/2020,11/06/2020 - 11:06:08:834
6583,198,"3,01%",João Pessoa-PB,10/06/2020,11/06/2020 - 11:06:09:598
17133,1315,"7,68%",Recife-PE,10/06/2020,11/06/2020 - 11:06:10:171
3773,163,"4,32%",Teresina-PI,10/06/2020,11/06/2020 - 11:06:10:699
1420,67,"4,72%",Curitiba-PR,10/06/2020,11/06/2020 - 11:06:11:222
38960,4716,"12,10%",Rio de Janeiro-RJ,10/06/2020,11/06/2020 - 11:06:11:846
4367,168,"3,85%",Natal-RN,09/06/2020,11/06/2020 - 11:06:12:419
5495,180,"3,28%",Porto Velho-RO,10/06/2020,11/06/2020 - 11:06:13:00
4846,149,"3,07%",Boa Vista-RR,09/06/2020,11/06/2020 - 11:06:13:606
866,8,"0,92%",Florianópolis-SC,10/06/2020,11/06/2020 - 11:06:14:136
6079,119,"1,96%",Aracaju-SE,10/06/2020,11/06/2020 - 11:06:14:869
80457,5232,"6,50%",São Paulo-SP,10/06/2020,11/06/2020 - 11:06:15:534
880,10,"1,14%",Palmas-TO,09/06/2020,11/06/2020 - 11:06:16:57
1297,51,"3,93%",Porto Alegre-RS,11/06/2020,12/06/2020 - 11:06:01:93
4948,179,"3,62%",Rio Branco-AC,11/06/2020,12/06/2020 - 11:06:01:718
9373,426,"4,54%",Maceió-AL,11/06/2020,12/06/2020 - 11:06:04:260
22504,1560,"6,93%",Manaus-AM,11/06/2020,12/06/2020 - 11:06:04:787
6314,177,"2,80%",Macapá-AP,11/06/2020,12/06/2020 - 11:06:05:504
18706,707,"3,78%",Salvador-BA,11/06/2020,12/06/2020 - 11:06:06:45
29951,2810,"9,38%",Fortaleza-CE,11/06/2020,12/06/2020 - 11:06:06:556
18464,250,"1,35%",Brasília-DF,11/06/2020,12/06/2020 - 11:06:07:116
4312,155,"3,59%",Vitória-ES,11/06/2020,12/06/2020 - 11:06:07:628
2818,82,"2,91%",Goiânia-GO,11/06/2020,12/06/2020 - 11:06:08:158
11597,599,"5,17%",São Luís-MA,11/06/2020,12/06/2020 - 11:06:08:615
2919,66,"2,26%",Belo Horizonte-MG,11/06/2020,12/06/2020 - 11:06:09:238
560,8,"1,43%",Campo Grande-MS,10/06/2020,12/06/2020 - 11:06:09:749
1463,43,"2,94%",Cuiabá-MT,11/06/2020,12/06/2020 - 11:06:10:251
15313,1676,"10,94%",Belém-PA,11/06/2020,12/06/2020 - 11:06:10:805
6905,199,"2,88%",João Pessoa-PB,11/06/2020,12/06/2020 - 11:06:11:276
17377,1361,"7,83%",Recife-PE,11/06/2020,12/06/2020 - 11:06:11:819
4049,173,"4,27%",Teresina-PI,11/06/2020,12/06/2020 - 11:06:12:327
1541,67,"4,35%",Curitiba-PR,11/06/2020,12/06/2020 - 11:06:12:827
40017,4850,"12,12%",Rio de Janeiro-RJ,11/06/2020,12/06/2020 - 11:06:13:258
4367,168,"3,85%",Natal-RN,10/06/2020,12/06/2020 - 11:06:13:825
6566,212,"3,23%",Porto Velho-RO,11/06/2020,12/06/2020 - 11:06:14:343
5061,152,"3,00%",Boa Vista-RR,10/06/2020,12/06/2020 - 11:06:14:723
880,9,"1,02%",Florianópolis-SC,11/06/2020,12/06/2020 - 11:06:15:264
6322,128,"2,02%",Aracaju-SE,11/06/2020,12/06/2020 - 11:06:15:671
83076,5357,"6,45%",São Paulo-SP,11/06/2020,12/06/2020 - 11:06:16:357
908,10,"1,10%",Palmas-TO,10/06/2020,12/06/2020 - 11:06:16:823
1304,51,"3,91%",Porto Alegre-RS,12/06/2020,13/06/2020 - 11:06:01:835
4948,179,"3,62%",Rio Branco-AC,12/06/2020,13/06/2020 - 11:06:04:334
9780,433,"4,43%",Maceió-AL,12/06/2020,13/06/2020 - 11:06:05:347
22504,1560,"6,93%",Manaus-AM,12/06/2020,13/06/2020 - 11:06:05:894
6499,185,"2,85%",Macapá-AP,12/06/2020,13/06/2020 - 11:06:06:340
18706,707,"3,78%",Salvador-BA,12/06/2020,13/06/2020 - 11:06:07:333
30210,2848,"9,43%",Fortaleza-CE,12/06/2020,13/06/2020 - 11:06:07:815
18464,250,"1,35%",Brasília-DF,12/06/2020,13/06/2020 - 11:06:08:240
4509,160,"3,55%",Vitória-ES,12/06/2020,13/06/2020 - 11:06:08:824
2842,87,"3,06%",Goiânia-GO,12/06/2020,13/06/2020 - 11:06:09:402
11700,608,"5,20%",São Luís-MA,12/06/2020,13/06/2020 - 11:06:10:03
3094,66,"2,13%",Belo Horizonte-MG,12/06/2020,13/06/2020 - 11:06:10:730
608,8,"1,32%",Campo Grande-MS,11/06/2020,13/06/2020 - 11:06:11:213
1544,51,"3,30%",Cuiabá-MT,12/06/2020,13/06/2020 - 11:06:11:803
15524,1711,"11,02%",Belém-PA,12/06/2020,13/06/2020 - 11:06:12:604
7394,216,"2,92%",João Pessoa-PB,12/06/2020,13/06/2020 - 11:06:13:93
17685,1402,"7,93%",Recife-PE,12/06/2020,13/06/2020 - 11:06:13:589
4049,173,"4,27%",Teresina-PI,11/06/2020,13/06/2020 - 11:06:14:182
1579,75,"4,75%",Curitiba-PR,12/06/2020,13/06/2020 - 11:06:14:776
40017,4850,"12,12%",Rio de Janeiro-RJ,12/06/2020,13/06/2020 - 11:06:15:219
4367,168,"3,85%",Natal-RN,11/06/2020,13/06/2020 - 11:06:15:796
7094,215,"3,03%",Porto Velho-RO,12/06/2020,13/06/2020 - 11:06:16:218
5061,152,"3,00%",Boa Vista-RR,11/06/2020,13/06/2020 - 11:06:16:708
900,9,"1,00%",Florianópolis-SC,12/06/2020,13/06/2020 - 11:06:17:573
6322,128,"2,02%",Aracaju-SE,12/06/2020,13/06/2020 - 11:06:17:979
85622,5480,"6,40%",São Paulo-SP,12/06/2020,13/06/2020 - 11:06:18:924
922,10,"1,08%",Palmas-TO,11/06/2020,13/06/2020 - 11:06:19:568
1346,52,"3,86%",Porto Alegre-RS,13/06/2020,14/06/2020 - 11:06:01:478
5162,186,"3,60%",Rio Branco-AC,13/06/2020,14/06/2020 - 11:06:01:999
10111,443,"4,38%",Maceió-AL,13/06/2020,14/06/2020 - 11:06:03:339
22504,1560,"6,93%",Manaus-AM,13/06/2020,14/06/2020 - 11:06:03:837
6499,185,"2,85%",Macapá-AP,13/06/2020,14/06/2020 - 11:06:04:324
19687,728,"3,70%",Salvador-BA,13/06/2020,14/06/2020 - 11:06:04:882
30210,2848,"9,43%",Fortaleza-CE,13/06/2020,14/06/2020 - 11:06:05:420
19762,265,"1,34%",Brasília-DF,13/06/2020,14/06/2020 - 11:06:05:834
4597,165,"3,59%",Vitória-ES,13/06/2020,14/06/2020 - 11:06:06:342
2851,89,"3,12%",Goiânia-GO,13/06/2020,14/06/2020 - 11:06:06:857
11832,621,"5,25%",São Luís-MA,13/06/2020,14/06/2020 - 11:06:07:367
3224,67,"2,08%",Belo Horizonte-MG,13/06/2020,14/06/2020 - 11:06:07:925
648,8,"1,23%",Campo Grande-MS,12/06/2020,14/06/2020 - 11:06:08:403
1657,58,"3,50%",Cuiabá-MT,13/06/2020,14/06/2020 - 11:06:09:88
16033,1729,"10,78%",Belém-PA,13/06/2020,14/06/2020 - 11:06:09:562
7610,220,"2,89%",João Pessoa-PB,13/06/2020,14/06/2020 - 11:06:09:935
18102,1484,"8,20%",Recife-PE,13/06/2020,14/06/2020 - 11:06:10:415
4336,196,"4,52%",Teresina-PI,13/06/2020,14/06/2020 - 11:06:10:829
1579,75,"4,75%",Curitiba-PR,13/06/2020,14/06/2020 - 11:06:11:297
41411,4993,"12,06%",Rio de Janeiro-RJ,13/06/2020,14/06/2020 - 11:06:11:631
4367,168,"3,85%",Natal-RN,13/06/2020,14/06/2020 - 11:06:12:51
7306,222,"3,04%",Porto Velho-RO,13/06/2020,14/06/2020 - 11:06:12:399
5061,152,"3,00%",Boa Vista-RR,12/06/2020,14/06/2020 - 11:06:12:820
910,9,"0,99%",Florianópolis-SC,13/06/2020,14/06/2020 - 11:06:13:221
6693,134,"2,00%",Aracaju-SE,13/06/2020,14/06/2020 - 11:06:13:624
88025,5599,"6,36%",São Paulo-SP,13/06/2020,14/06/2020 - 11:06:14:402
922,10,"1,08%",Palmas-TO,12/06/2020,14/06/2020 - 11:06:14:871
1353,53,"3,92%",Porto Alegre-RS,14/06/2020,15/06/2020 - 11:06:01:696
5191,188,"3,62%",Rio Branco-AC,14/06/2020,15/06/2020 - 11:06:06:366
10615,454,"4,28%",Maceió-AL,14/06/2020,15/06/2020 - 11:06:07:419
22504,1560,"6,93%",Manaus-AM,14/06/2020,15/06/2020 - 11:06:08:83
6499,185,"2,85%",Macapá-AP,14/06/2020,15/06/2020 - 11:06:08:685
19860,742,"3,74%",Salvador-BA,14/06/2020,15/06/2020 - 11:06:09:348
30210,2848,"9,43%",Fortaleza-CE,14/06/2020,15/06/2020 - 11:06:09:950
19762,265,"1,34%",Brasília-DF,14/06/2020,15/06/2020 - 11:06:10:457
4734,168,"3,55%",Vitória-ES,14/06/2020,15/06/2020 - 11:06:11:47
2856,89,"3,12%",Goiânia-GO,14/06/2020,15/06/2020 - 11:06:11:588
11963,629,"5,26%",São Luís-MA,14/06/2020,15/06/2020 - 11:06:12:226
3425,67,"1,96%",Belo Horizonte-MG,14/06/2020,15/06/2020 - 11:06:13:85
648,8,"1,23%",Campo Grande-MS,13/06/2020,15/06/2020 - 11:06:13:620
1657,58,"3,50%",Cuiabá-MT,14/06/2020,15/06/2020 - 11:06:14:331
16055,1729,"10,77%",Belém-PA,14/06/2020,15/06/2020 - 11:06:15:127
7610,220,"2,89%",João Pessoa-PB,14/06/2020,15/06/2020 - 11:06:15:629
18102,1484,"8,20%",Recife-PE,14/06/2020,15/06/2020 - 11:06:16:337
4336,196,"4,52%",Teresina-PI,14/06/2020,15/06/2020 - 11:06:17:86
1736,78,"4,49%",Curitiba-PR,14/06/2020,15/06/2020 - 11:06:17:650
41411,4993,"12,06%",Rio de Janeiro-RJ,14/06/2020,15/06/2020 - 11:06:18:434
5235,183,"3,50%",Natal-RN,13/06/2020,15/06/2020 - 11:06:18:959
7438,231,"3,11%",Porto Velho-RO,14/06/2020,15/06/2020 - 11:06:19:474
5206,161,"3,09%",Boa Vista-RR,13/06/2020,15/06/2020 - 11:06:19:925
911,9,"0,99%",Florianópolis-SC,14/06/2020,15/06/2020 - 11:06:20:574
7481,142,"1,90%",Aracaju-SE,14/06/2020,15/06/2020 - 11:06:21:95
91198,5623,"6,17%",São Paulo-SP,14/06/2020,15/06/2020 - 11:06:22:105
922,10,"1,08%",Palmas-TO,13/06/2020,15/06/2020 - 11:06:22:641
1398,55,"3,93%",Porto Alegre-RS,15/06/2020,16/06/2020 - 11:06:01:817
5292,192,"3,63%",Rio Branco-AC,15/06/2020,16/06/2020 - 11:06:05:911
10984,467,"4,25%",Maceió-AL,15/06/2020,16/06/2020 - 11:06:06:922
23138,1620,"7,00%",Manaus-AM,15/06/2020,16/06/2020 - 11:06:07:430
6948,198,"2,85%",Macapá-AP,15/06/2020,16/06/2020 - 11:06:08:123
20525,752,"3,66%",Salvador-BA,15/06/2020,16/06/2020 - 11:06:08:938
30863,2915,"9,44%",Fortaleza-CE,15/06/2020,16/06/2020 - 11:06:09:519
21283,288,"1,35%",Brasília-DF,15/06/2020,16/06/2020 - 11:06:10:22
4869,173,"3,55%",Vitória-ES,15/06/2020,16/06/2020 - 11:06:10:647
3220,92,"2,86%",Goiânia-GO,15/06/2020,16/06/2020 - 11:06:11:311
12040,642,"5,33%",São Luís-MA,15/06/2020,16/06/2020 - 11:06:12:207
3487,67,"1,92%",Belo Horizonte-MG,15/06/2020,16/06/2020 - 11:06:12:842
720,8,"1,11%",Campo Grande-MS,14/06/2020,16/06/2020 - 11:06:13:698
1857,60,"3,23%",Cuiabá-MT,15/06/2020,16/06/2020 - 11:06:14:232
16255,1749,"10,76%",Belém-PA,15/06/2020,16/06/2020 - 11:06:14:829
8041,228,"2,84%",João Pessoa-PB,15/06/2020,16/06/2020 - 11:06:15:421
18253,1529,"8,38%",Recife-PE,15/06/2020,16/06/2020 - 11:06:16:98
4624,217,"4,69%",Teresina-PI,15/06/2020,16/06/2020 - 11:06:16:665
1770,79,"4,46%",Curitiba-PR,15/06/2020,16/06/2020 - 11:06:17:266
42385,5090,"12,01%",Rio de Janeiro-RJ,15/06/2020,16/06/2020 - 11:06:18:154
5235,183,"3,50%",Natal-RN,14/06/2020,16/06/2020 - 11:06:18:682
7438,231,"3,11%",Porto Velho-RO,15/06/2020,16/06/2020 - 11:06:19:314
5207,164,"3,15%",Boa Vista-RR,14/06/2020,16/06/2020 - 11:06:19:784
943,9,"0,95%",Florianópolis-SC,15/06/2020,16/06/2020 - 11:06:20:418
8193,149,"1,82%",Aracaju-SE,15/06/2020,16/06/2020 - 11:06:21:102
93448,5652,"6,05%",São Paulo-SP,15/06/2020,16/06/2020 - 11:06:22:160
997,12,"1,20%",Palmas-TO,14/06/2020,16/06/2020 - 11:06:22:817
1568,57,"3,64%",Porto Alegre-RS,16/06/2020,17/06/2020 - 11:06:01:904
5457,196,"3,59%",Rio Branco-AC,16/06/2020,17/06/2020 - 11:06:07:363
11294,483,"4,28%",Maceió-AL,16/06/2020,17/06/2020 - 11:06:08:372
23612,1645,"6,97%",Manaus-AM,16/06/2020,17/06/2020 - 11:06:08:842
7593,203,"2,67%",Macapá-AP,16/06/2020,17/06/2020 - 11:06:09:318
21162,775,"3,66%",Salvador-BA,16/06/2020,17/06/2020 - 11:06:10:00
30986,3006,"9,70%",Fortaleza-CE,16/06/2020,17/06/2020 - 11:06:10:843
21283,288,"1,35%",Brasília-DF,16/06/2020,17/06/2020 - 11:06:11:328
5092,181,"3,55%",Vitória-ES,16/06/2020,17/06/2020 - 11:06:11:800
3849,95,"2,47%",Goiânia-GO,16/06/2020,17/06/2020 - 11:06:12:287
12095,654,"5,41%",São Luís-MA,16/06/2020,17/06/2020 - 11:06:12:738
3488,76,"2,18%",Belo Horizonte-MG,16/06/2020,17/06/2020 - 11:06:13:355
784,8,"1,02%",Campo Grande-MS,15/06/2020,17/06/2020 - 11:06:13:892
1941,67,"3,45%",Cuiabá-MT,16/06/2020,17/06/2020 - 11:06:14:457
16477,1778,"10,79%",Belém-PA,16/06/2020,17/06/2020 - 11:06:15:342
8464,233,"2,75%",João Pessoa-PB,16/06/2020,17/06/2020 - 11:06:15:798
18333,1538,"8,39%",Recife-PE,16/06/2020,17/06/2020 - 11:06:16:372
4877,222,"4,55%",Teresina-PI,16/06/2020,17/06/2020 - 11:06:17:94
1898,83,"4,37%",Curitiba-PR,16/06/2020,17/06/2020 - 11:06:17:548
42385,5090,"12,01%",Rio de Janeiro-RJ,16/06/2020,17/06/2020 - 11:06:18:180
5387,189,"3,51%",Natal-RN,15/06/2020,17/06/2020 - 11:06:18:758
8136,245,"3,01%",Porto Velho-RO,16/06/2020,17/06/2020 - 11:06:19:241
5207,164,"3,15%",Boa Vista-RR,15/06/2020,17/06/2020 - 11:06:19:696
960,9,"0,94%",Florianópolis-SC,16/06/2020,17/06/2020 - 11:06:20:624
9849,160,"1,62%",Aracaju-SE,16/06/2020,17/06/2020 - 11:06:21:68
93448,5652,"6,05%",São Paulo-SP,16/06/2020,17/06/2020 - 11:06:21:860
1045,12,"1,15%",Palmas-TO,15/06/2020,17/06/2020 - 11:06:22:363
1611,58,"3,60%",Porto Alegre-RS,17/06/2020,18/06/2020 - 11:06:00:536
5457,196,"3,59%",Rio Branco-AC,17/06/2020,18/06/2020 - 11:06:01:72
11613,490,"4,22%",Maceió-AL,17/06/2020,18/06/2020 - 11:06:02:850
23612,1645,"6,97%",Manaus-AM,17/06/2020,18/06/2020 - 11:06:03:509
7962,204,"2,56%",Macapá-AP,17/06/2020,18/06/2020 - 11:06:04:82
21893,800,"3,65%",Salvador-BA,17/06/2020,18/06/2020 - 11:06:04:788
31841,3059,"9,61%",Fortaleza-CE,17/06/2020,18/06/2020 - 11:06:05:332
24084,331,"1,37%",Brasília-DF,17/06/2020,18/06/2020 - 11:06:06:43
5092,181,"3,55%",Vitória-ES,17/06/2020,18/06/2020 - 11:06:06:822
4150,94,"2,27%",Goiânia-GO,17/06/2020,18/06/2020 - 11:06:07:404
12276,667,"5,43%",São Luís-MA,17/06/2020,18/06/2020 - 11:06:08:116
3631,83,"2,29%",Belo Horizonte-MG,17/06/2020,18/06/2020 - 11:06:08:954
868,8,"0,92%",Campo Grande-MS,16/06/2020,18/06/2020 - 11:06:09:459
1941,67,"3,45%",Cuiabá-MT,17/06/2020,18/06/2020 - 11:06:09:946
16701,1786,"10,69%",Belém-PA,17/06/2020,18/06/2020 - 11:06:10:473
8952,245,"2,74%",João Pessoa-PB,17/06/2020,18/06/2020 - 11:06:10:934
18762,1584,"8,44%",Recife-PE,17/06/2020,18/06/2020 - 11:06:11:844
5054,239,"4,73%",Teresina-PI,17/06/2020,18/06/2020 - 11:06:12:426
1945,90,"4,63%",Curitiba-PR,17/06/2020,18/06/2020 - 11:06:13:320
43874,5239,"11,94%",Rio de Janeiro-RJ,17/06/2020,18/06/2020 - 11:06:13:817
5804,204,"3,51%",Natal-RN,15/06/2020,18/06/2020 - 11:06:14:273
8136,245,"3,01%",Porto Velho-RO,17/06/2020,18/06/2020 - 11:06:14:721
5207,164,"3,15%",Boa Vista-RR,16/06/2020,18/06/2020 - 11:06:15:228
1000,9,"0,90%",Florianópolis-SC,17/06/2020,18/06/2020 - 11:06:15:838
9849,160,"1,62%",Aracaju-SE,17/06/2020,18/06/2020 - 11:06:16:598
98132,5959,"6,07%",São Paulo-SP,17/06/2020,18/06/2020 - 11:06:17:302
1085,12,"1,11%",Palmas-TO,16/06/2020,18/06/2020 - 11:06:18:80
1632,60,"3,68%",Porto Alegre-RS,18/06/2020,19/06/2020 - 11:06:59:250
5648,205,"3,63%",Rio Branco-AC,18/06/2020,19/06/2020 - 11:06:00:255
11728,500,"4,26%",Maceió-AL,18/06/2020,19/06/2020 - 11:06:01:751
24089,1660,"6,89%",Manaus-AM,18/06/2020,19/06/2020 - 11:06:02:752
7962,204,"2,56%",Macapá-AP,18/06/2020,19/06/2020 - 11:06:03:384
21928,827,"3,77%",Salvador-BA,18/06/2020,19/06/2020 - 11:06:04:170
31841,3059,"9,61%",Fortaleza-CE,18/06/2020,19/06/2020 - 11:06:05:08
24084,331,"1,37%",Brasília-DF,18/06/2020,19/06/2020 - 11:06:05:655
5092,181,"3,55%",Vitória-ES,18/06/2020,19/06/2020 - 11:06:06:203
4442,99,"2,23%",Goiânia-GO,18/06/2020,19/06/2020 - 11:06:06:727
12384,680,"5,49%",São Luís-MA,18/06/2020,19/06/2020 - 11:06:07:446
3810,87,"2,28%",Belo Horizonte-MG,18/06/2020,19/06/2020 - 11:06:08:243
876,8,"0,91%",Campo Grande-MS,17/06/2020,19/06/2020 - 11:06:08:881
2021,71,"3,51%",Cuiabá-MT,17/06/2020,19/06/2020 - 11:06:09:522
17082,1804,"10,56%",Belém-PA,18/06/2020,19/06/2020 - 11:06:10:166
8984,249,"2,77%",João Pessoa-PB,18/06/2020,19/06/2020 - 11:06:11:100
18762,1584,"8,44%",Recife-PE,18/06/2020,19/06/2020 - 11:06:11:860
5237,246,"4,70%",Teresina-PI,18/06/2020,19/06/2020 - 11:06:12:354
2060,95,"4,61%",Curitiba-PR,18/06/2020,19/06/2020 - 11:06:13:63
45978,5343,"11,62%",Rio de Janeiro-RJ,18/06/2020,19/06/2020 - 11:06:13:756
5957,229,"3,84%",Natal-RN,17/06/2020,19/06/2020 - 11:06:14:244
8469,254,"3,00%",Porto Velho-RO,18/06/2020,19/06/2020 - 11:06:14:883
5207,164,"3,15%",Boa Vista-RR,17/06/2020,19/06/2020 - 11:06:15:560
1014,9,"0,89%",Florianópolis-SC,18/06/2020,19/06/2020 - 11:06:16:573
10094,165,"1,63%",Aracaju-SE,18/06/2020,19/06/2020 - 11:06:17:248
98530,6097,"6,19%",São Paulo-SP,18/06/2020,19/06/2020 - 11:06:17:951
1138,12,"1,05%",Palmas-TO,17/06/2020,19/06/2020 - 11:06:18:433
1648,63,"3,82%",Porto Alegre-RS,19/06/2020,20/06/2020 - 11:06:01:733
5799,208,"3,59%",Rio Branco-AC,19/06/2020,20/06/2020 - 11:06:05:362
12074,509,"4,22%",Maceió-AL,19/06/2020,20/06/2020 - 11:06:06:358
24581,1685,"6,85%",Manaus-AM,19/06/2020,20/06/2020 - 11:06:06:938
8290,213,"2,57%",Macapá-AP,19/06/2020,20/06/2020 - 11:06:07:592
21928,827,"3,77%",Salvador-BA,19/06/2020,20/06/2020 - 11:06:08:357
32531,3113,"9,57%",Fortaleza-CE,19/06/2020,20/06/2020 - 11:06:08:932
25274,345,"1,37%",Brasília-DF,19/06/2020,20/06/2020 - 11:06:10:593
5643,200,"3,54%",Vitória-ES,19/06/2020,20/06/2020 - 11:06:11:180
4679,108,"2,31%",Goiânia-GO,19/06/2020,20/06/2020 - 11:06:11:756
12409,693,"5,58%",São Luís-MA,19/06/2020,20/06/2020 - 11:06:12:251
3879,90,"2,32%",Belo Horizonte-MG,19/06/2020,20/06/2020 - 11:06:13:03
975,8,"0,82%",Campo Grande-MS,18/06/2020,20/06/2020 - 11:06:13:589
2159,77,"3,57%",Cuiabá-MT,19/06/2020,20/06/2020 - 11:06:14:53
17339,1817,"10,48%",Belém-PA,19/06/2020,20/06/2020 - 11:06:14:592
8984,249,"2,77%",João Pessoa-PB,19/06/2020,20/06/2020 - 11:06:15:330
18991,1594,"8,39%",Recife-PE,19/06/2020,20/06/2020 - 11:06:15:914
5621,257,"4,57%",Teresina-PI,19/06/2020,20/06/2020 - 11:06:16:526
2253,98,"4,35%",Curitiba-PR,19/06/2020,20/06/2020 - 11:06:17:94
46255,5508,"11,91%",Rio de Janeiro-RJ,19/06/2020,20/06/2020 - 11:06:17:829
6091,259,"4,25%",Natal-RN,18/06/2020,20/06/2020 - 11:06:18:313
8948,278,"3,11%",Porto Velho-RO,19/06/2020,20/06/2020 - 11:06:19:65
5207,164,"3,15%",Boa Vista-RR,18/06/2020,20/06/2020 - 11:06:19:598
1052,10,"0,95%",Florianópolis-SC,19/06/2020,20/06/2020 - 11:06:20:183
10423,173,"1,66%",Aracaju-SE,19/06/2020,20/06/2020 - 11:06:21:360
98530,6097,"6,19%",São Paulo-SP,19/06/2020,20/06/2020 - 11:06:21:959
1186,12,"1,01%",Palmas-TO,18/06/2020,20/06/2020 - 11:06:22:794
1669,64,"3,83%",Porto Alegre-RS,20/06/2020,21/06/2020 - 11:06:57:979
5799,208,"3,59%",Rio Branco-AC,20/06/2020,21/06/2020 - 11:06:58:644
12213,522,"4,27%",Maceió-AL,20/06/2020,21/06/2020 - 11:06:00:39
24978,1706,"6,83%",Manaus-AM,20/06/2020,21/06/2020 - 11:06:00:859
9378,216,"2,30%",Macapá-AP,20/06/2020,21/06/2020 - 11:06:01:394
23047,884,"3,84%",Salvador-BA,20/06/2020,21/06/2020 - 11:06:02:19
32794,3109,"9,48%",Fortaleza-CE,20/06/2020,21/06/2020 - 11:06:02:754
27453,362,"1,32%",Brasília-DF,20/06/2020,21/06/2020 - 11:06:03:340
5763,204,"3,54%",Vitória-ES,20/06/2020,21/06/2020 - 11:06:03:816
4679,108,"2,31%",Goiânia-GO,20/06/2020,21/06/2020 - 11:06:04:421
12523,705,"5,63%",São Luís-MA,20/06/2020,21/06/2020 - 11:06:05:149
3992,96,"2,40%",Belo Horizonte-MG,20/06/2020,21/06/2020 - 11:06:05:733
1067,8,"0,75%",Campo Grande-MS,19/06/2020,21/06/2020 - 11:06:06:374
2402,95,"3,96%",Cuiabá-MT,20/06/2020,21/06/2020 - 11:06:06:841
17499,1835,"10,49%",Belém-PA,20/06/2020,21/06/2020 - 11:06:07:492
8984,249,"2,77%",João Pessoa-PB,20/06/2020,21/06/2020 - 11:06:07:999
19192,1608,"8,38%",Recife-PE,20/06/2020,21/06/2020 - 11:06:08:633
5794,271,"4,68%",Teresina-PI,20/06/2020,21/06/2020 - 11:06:09:104
2253,98,"4,35%",Curitiba-PR,20/06/2020,21/06/2020 - 11:06:09:636
50129,5791,"11,55%",Rio de Janeiro-RJ,20/06/2020,21/06/2020 - 11:06:10:332
6091,259,"4,25%",Natal-RN,19/06/2020,21/06/2020 - 11:06:10:980
8948,278,"3,11%",Porto Velho-RO,20/06/2020,21/06/2020 - 11:06:11:608
5625,187,"3,32%",Boa Vista-RR,19/06/2020,21/06/2020 - 11:06:12:29
1094,10,"0,91%",Florianópolis-SC,20/06/2020,21/06/2020 - 11:06:12:660
10699,181,"1,69%",Aracaju-SE,20/06/2020,21/06/2020 - 11:06:13:268
105591,6371,"6,03%",São Paulo-SP,20/06/2020,21/06/2020 - 11:06:14:291
1186,12,"1,01%",Palmas-TO,19/06/2020,21/06/2020 - 11:06:14:739
1673,65,"3,89%",Porto Alegre-RS,21/06/2020,22/06/2020 - 11:06:01:621
5905,212,"3,59%",Rio Branco-AC,21/06/2020,22/06/2020 - 11:06:02:206
12213,522,"4,27%",Maceió-AL,21/06/2020,22/06/2020 - 11:06:03:854
25103,1711,"6,82%",Manaus-AM,21/06/2020,22/06/2020 - 11:06:04:541
9378,216,"2,30%",Macapá-AP,21/06/2020,22/06/2020 - 11:06:05:70
23047,884,"3,84%",Salvador-BA,21/06/2020,22/06/2020 - 11:06:05:692
32794,3109,"9,48%",Fortaleza-CE,21/06/2020,22/06/2020 - 11:06:06:232
27453,362,"1,32%",Brasília-DF,21/06/2020,22/06/2020 - 11:06:06:888
5913,206,"3,48%",Vitória-ES,21/06/2020,22/06/2020 - 11:06:07:418
4774,112,"2,35%",Goiânia-GO,21/06/2020,22/06/2020 - 11:06:08:12
12546,715,"5,70%",São Luís-MA,21/06/2020,22/06/2020 - 11:06:08:674
4083,96,"2,35%",Belo Horizonte-MG,21/06/2020,22/06/2020 - 11:06:09:181
1067,8,"0,75%",Campo Grande-MS,20/06/2020,22/06/2020 - 11:06:09:585
2601,103,"3,96%",Cuiabá-MT,21/06/2020,22/06/2020 - 11:06:10:71
17581,1837,"10,45%",Belém-PA,21/06/2020,22/06/2020 - 11:06:10:569
10466,261,"2,49%",João Pessoa-PB,21/06/2020,22/06/2020 - 11:06:10:994
19379,1615,"8,33%",Recife-PE,21/06/2020,22/06/2020 - 11:06:11:414
5856,282,"4,82%",Teresina-PI,21/06/2020,22/06/2020 - 11:06:11:929
2253,98,"4,35%",Curitiba-PR,21/06/2020,22/06/2020 - 11:06:12:365
50430,5832,"11,56%",Rio de Janeiro-RJ,21/06/2020,22/06/2020 - 11:06:12:849
6091,259,"4,25%",Natal-RN,20/06/2020,22/06/2020 - 11:06:13:240
9306,296,"3,18%",Porto Velho-RO,21/06/2020,22/06/2020 - 11:06:15:789
5625,187,"3,32%",Boa Vista-RR,20/06/2020,22/06/2020 - 11:06:16:128
1108,10,"0,90%",Florianópolis-SC,21/06/2020,22/06/2020 - 11:06:16:524
10992,195,"1,77%",Aracaju-SE,21/06/2020,22/06/2020 - 11:06:16:951
106540,6387,"5,99%",São Paulo-SP,21/06/2020,22/06/2020 - 11:06:17:488
1302,15,"1,15%",Palmas-TO,20/06/2020,22/06/2020 - 11:06:17:881
1694,66,"3,90%",Porto Alegre-RS,22/06/2020,23/06/2020 - 11:06:07:132
5985,214,"3,58%",Rio Branco-AC,22/06/2020,23/06/2020 - 11:06:08:151
12637,534,"4,23%",Maceió-AL,22/06/2020,23/06/2020 - 11:06:09:480
25153,1719,"6,83%",Manaus-AM,22/06/2020,23/06/2020 - 11:06:10:511
11920,227,"1,90%",Macapá-AP,22/06/2020,23/06/2020 - 11:06:11:120
23411,904,"3,86%",Salvador-BA,22/06/2020,23/06/2020 - 11:06:11:710
32854,3110,"9,47%",Fortaleza-CE,22/06/2020,23/06/2020 - 11:06:12:434
30427,410,"1,35%",Brasília-DF,22/06/2020,23/06/2020 - 11:06:13:81
5913,206,"3,48%",Vitória-ES,22/06/2020,23/06/2020 - 11:06:13:512
5159,122,"2,36%",Goiânia-GO,22/06/2020,23/06/2020 - 11:06:13:896
12567,724,"5,76%",São Luís-MA,22/06/2020,23/06/2020 - 11:06:14:440
4428,96,"2,17%",Belo Horizonte-MG,22/06/2020,23/06/2020 - 11:06:15:323
1212,8,"0,66%",Campo Grande-MS,21/06/2020,23/06/2020 - 11:06:15:862
2730,113,"4,14%",Cuiabá-MT,22/06/2020,23/06/2020 - 11:06:16:649
17581,1837,"10,45%",Belém-PA,22/06/2020,23/06/2020 - 11:06:17:690
10466,261,"2,49%",João Pessoa-PB,22/06/2020,23/06/2020 - 11:06:18:236
19613,1663,"8,48%",Recife-PE,22/06/2020,23/06/2020 - 11:06:21:127
6065,291,"4,80%",Teresina-PI,22/06/2020,23/06/2020 - 11:06:21:721
2666,110,"4,13%",Curitiba-PR,22/06/2020,23/06/2020 - 11:06:22:430
50922,5875,"11,54%",Rio de Janeiro-RJ,22/06/2020,23/06/2020 - 11:06:22:794
7638,276,"3,61%",Natal-RN,21/06/2020,23/06/2020 - 11:06:23:332
9908,307,"3,10%",Porto Velho-RO,22/06/2020,23/06/2020 - 11:06:23:841
5994,196,"3,27%",Boa Vista-RR,21/06/2020,23/06/2020 - 11:06:24:339
1122,10,"0,89%",Florianópolis-SC,22/06/2020,23/06/2020 - 11:06:24:839
11476,211,"1,84%",Aracaju-SE,22/06/2020,23/06/2020 - 11:06:25:237
107731,6404,"5,94%",São Paulo-SP,22/06/2020,23/06/2020 - 11:06:25:746
1320,15,"1,14%",Palmas-TO,21/06/2020,23/06/2020 - 11:06:26:332
1868,67,"3,59%",Porto Alegre-RS,23/06/2020,24/06/2020 - 11:06:01:626
6176,230,"3,72%",Rio Branco-AC,23/06/2020,24/06/2020 - 11:06:07:605
13371,547,"4,09%",Maceió-AL,23/06/2020,24/06/2020 - 11:06:08:871
25710,1727,"6,72%",Manaus-AM,23/06/2020,24/06/2020 - 11:06:09:465
12841,232,"1,81%",Macapá-AP,23/06/2020,24/06/2020 - 11:06:09:922
23411,904,"3,86%",Salvador-BA,21/06/2020,24/06/2020 - 11:06:10:459
33755,3174,"9,40%",Fortaleza-CE,23/06/2020,24/06/2020 - 11:06:10:943
31457,432,"1,37%",Brasília-DF,23/06/2020,24/06/2020 - 11:06:11:337
6132,221,"3,60%",Vitória-ES,23/06/2020,24/06/2020 - 11:06:11:840
5359,130,"2,43%",Goiânia-GO,23/06/2020,24/06/2020 - 11:06:12:359
12577,734,"5,84%",São Luís-MA,23/06/2020,24/06/2020 - 11:06:12:961
4667,96,"2,06%",Belo Horizonte-MG,23/06/2020,24/06/2020 - 11:06:13:590
1338,8,"0,60%",Campo Grande-MS,22/06/2020,24/06/2020 - 11:06:14:53
2914,121,"4,15%",Cuiabá-MT,23/06/2020,24/06/2020 - 11:06:14:580
18110,1870,"10,33%",Belém-PA,23/06/2020,24/06/2020 - 11:06:15:25
10466,261,"2,49%",João Pessoa-PB,21/06/2020,24/06/2020 - 11:06:15:589
19679,1662,"8,45%",Recife-PE,22/06/2020,24/06/2020 - 11:06:16:12
6305,301,"4,77%",Teresina-PI,23/06/2020,24/06/2020 - 11:06:16:545
2123,69,"3,25%",Porto Alegre-RS,24/06/2020,25/06/2020 - 11:06:01:891
6176,230,"3,72%",Rio Branco-AC,23/06/2020,25/06/2020 - 11:06:02:503
13906,556,"4,00%",Maceió-AL,24/06/2020,25/06/2020 - 11:06:04:960
26153,1735,"6,63%",Manaus-AM,24/06/2020,25/06/2020 - 11:06:05:784
12861,236,"1,84%",Macapá-AP,24/06/2020,25/06/2020 - 11:06:06:261
25749,991,"3,85%",Salvador-BA,24/06/2020,25/06/2020 - 11:06:06:916
34027,3212,"9,44%",Fortaleza-CE,24/06/2020,25/06/2020 - 11:06:07:339
33096,449,"1,36%",Brasília-DF,24/06/2020,25/06/2020 - 11:06:07:830
6132,221,"3,60%",Vitória-ES,23/06/2020,25/06/2020 - 11:06:08:455
5728,137,"2,39%",Goiânia-GO,24/06/2020,25/06/2020 - 11:06:09:245
12635,745,"5,90%",São Luís-MA,24/06/2020,25/06/2020 - 11:06:09:962
4772,104,"2,18%",Belo Horizonte-MG,24/06/2020,25/06/2020 - 11:06:10:646
1446,8,"0,55%",Campo Grande-MS,23/06/2020,25/06/2020 - 11:06:11:128
3015,125,"4,15%",Cuiabá-MT,24/06/2020,25/06/2020 - 11:06:11:666
18387,1872,"10,18%",Belém-PA,24/06/2020,25/06/2020 - 11:06:12:95
10466,261,"2,49%",João Pessoa-PB,21/06/2020,25/06/2020 - 11:06:12:531
19975,1719,"8,61%",Recife-PE,24/06/2020,25/06/2020 - 11:06:13:153
6618,307,"4,64%",Teresina-PI,24/06/2020,25/06/2020 - 11:06:13:688
2265,69,"3,05%",Porto Alegre-RS,25/06/2020,26/06/2020 - 11:06:01:688
6380,236,"3,70%",Rio Branco-AC,25/06/2020,26/06/2020 - 11:06:02:298
14101,563,"3,99%",Maceió-AL,25/06/2020,26/06/2020 - 11:06:03:717
26483,1743,"6,58%",Manaus-AM,25/06/2020,26/06/2020 - 11:06:04:266
12880,242,"1,88%",Macapá-AP,25/06/2020,26/06/2020 - 11:06:04:800
25749,991,"3,85%",Salvador-BA,24/06/2020,26/06/2020 - 11:06:05:327
34027,3212,"9,44%",Fortaleza-CE,24/06/2020,26/06/2020 - 11:06:05:926
33096,449,"1,36%",Brasília-DF,24/06/2020,26/06/2020 - 11:06:06:463
6496,232,"3,57%",Vitória-ES,25/06/2020,26/06/2020 - 11:06:07:220
5958,138,"2,32%",Goiânia-GO,25/06/2020,26/06/2020 - 11:06:07:723
12693,756,"5,96%",São Luís-MA,25/06/2020,26/06/2020 - 11:06:08:176
4942,106,"2,14%",Belo Horizonte-MG,25/06/2020,26/06/2020 - 11:06:08:764
1554,8,"0,51%",Campo Grande-MS,24/06/2020,26/06/2020 - 11:06:09:232
3132,136,"4,34%",Cuiabá-MT,25/06/2020,26/06/2020 - 11:06:09:772
18619,1883,"10,11%",Belém-PA,25/06/2020,26/06/2020 - 11:06:10:227
10466,261,"2,49%",João Pessoa-PB,21/06/2020,26/06/2020 - 11:06:10:758
20165,1743,"8,64%",Recife-PE,25/06/2020,26/06/2020 - 11:06:11:204
6899,324,"4,70%",Teresina-PI,25/06/2020,26/06/2020 - 11:06:12:99
3093,122,"3,94%",Curitiba-PR,25/06/2020,26/06/2020 - 11:06:12:563
54169,6161,"11,37%",Rio de Janeiro-RJ,25/06/2020,26/06/2020 - 11:06:13:16
8351,310,"3,71%",Natal-RN,23/06/2020,26/06/2020 - 11:06:13:537
10344,317,"3,06%",Porto Velho-RO,23/06/2020,26/06/2020 - 11:06:13:969
2383,76,"3,19%",Porto Alegre-RS,26/06/2020,27/06/2020 - 11:06:58:736
6380,236,"3,70%",Rio Branco-AC,25/06/2020,27/06/2020 - 11:06:59:180
14237,569,"4,00%",Maceió-AL,26/06/2020,27/06/2020 - 11:06:00:487
26783,1747,"6,52%",Manaus-AM,26/06/2020,27/06/2020 - 11:06:00:902
12885,245,"1,90%",Macapá-AP,26/06/2020,27/06/2020 - 11:06:01:344
27666,1046,"3,78%",Salvador-BA,26/06/2020,27/06/2020 - 11:06:01:767
34027,3212,"9,44%",Fortaleza-CE,24/06/2020,27/06/2020 - 11:06:02:229
36464,486,"1,33%",Brasília-DF,26/06/2020,27/06/2020 - 11:06:03:549
6676,233,"3,49%",Vitória-ES,26/06/2020,27/06/2020 - 11:06:04:31
6111,150,"2,45%",Goiânia-GO,26/06/2020,27/06/2020 - 11:06:04:407
12693,756,"5,96%",São Luís-MA,25/06/2020,27/06/2020 - 11:06:04:919
4977,109,"2,19%",Belo Horizonte-MG,26/06/2020,27/06/2020 - 11:06:05:437
1704,8,"0,47%",Campo Grande-MS,25/06/2020,27/06/2020 - 11:06:05:872
3258,145,"4,45%",Cuiabá-MT,26/06/2020,27/06/2020 - 11:06:06:360
18751,1889,"10,07%",Belém-PA,26/06/2020,27/06/2020 - 11:06:06:867
10466,261,"2,49%",João Pessoa-PB,21/06/2020,27/06/2020 - 11:06:07:311
20165,1743,"8,64%",Recife-PE,25/06/2020,27/06/2020 - 11:06:07:661
7098,335,"4,72%",Teresina-PI,26/06/2020,27/06/2020 - 11:06:08:175
3093,122,"3,94%",Curitiba-PR,25/06/2020,27/06/2020 - 11:06:08:561
55152,6264,"11,36%",Rio de Janeiro-RJ,26/06/2020,27/06/2020 - 11:06:08:916
9234,343,"3,71%",Natal-RN,25/06/2020,27/06/2020 - 11:06:09:319
10893,324,"2,97%",Porto Velho-RO,24/06/2020,27/06/2020 - 11:06:09:661
2456,79,"3,22%",Porto Alegre-RS,27/06/2020,28/06/2020 - 11:06:01:568
6498,243,"3,74%",Rio Branco-AC,26/06/2020,28/06/2020 - 11:06:06:255
14237,569,"4,00%",Maceió-AL,26/06/2020,28/06/2020 - 11:06:07:510
26842,1768,"6,59%",Manaus-AM,27/06/2020,28/06/2020 - 11:06:08:92
12914,248,"1,92%",Macapá-AP,27/06/2020,28/06/2020 - 11:06:08:559
27666,1046,"3,78%",Salvador-BA,26/06/2020,28/06/2020 - 11:06:09:496
34719,3244,"9,34%",Fortaleza-CE,26/06/2020,28/06/2020 - 11:06:10:168
36464,486,"1,33%",Brasília-DF,26/06/2020,28/06/2020 - 11:06:10:638
6676,233,"3,49%",Vitória-ES,26/06/2020,28/06/2020 - 11:06:11:197
6122,153,"2,50%",Goiânia-GO,27/06/2020,28/06/2020 - 11:06:11:740
12755,771,"6,04%",São Luís-MA,26/06/2020,28/06/2020 - 11:06:12:501
4977,109,"2,19%",Belo Horizonte-MG,26/06/2020,28/06/2020 - 11:06:13:238
1704,8,"0,47%",Campo Grande-MS,25/06/2020,28/06/2020 - 11:06:13:698
3258,145,"4,45%",Cuiabá-MT,26/06/2020,28/06/2020 - 11:06:14:177
18908,1892,"10,01%",Belém-PA,27/06/2020,28/06/2020 - 11:06:14:731
10466,261,"2,49%",João Pessoa-PB,21/06/2020,28/06/2020 - 11:06:15:493
20275,1781,"8,78%",Recife-PE,26/06/2020,28/06/2020 - 11:06:15:954
7098,335,"4,72%",Teresina-PI,26/06/2020,28/06/2020 - 11:06:16:487
3093,122,"3,94%",Curitiba-PR,25/06/2020,28/06/2020 - 11:06:17:15
55152,6264,"11,36%",Rio de Janeiro-RJ,26/06/2020,28/06/2020 - 11:06:17:524
9234,343,"3,71%",Natal-RN,25/06/2020,28/06/2020 - 11:06:18:16
10893,324,"2,97%",Porto Velho-RO,24/06/2020,28/06/2020 - 11:06:18:708
9789,225,"2,30%",Boa Vista-RR,26/06/2020,28/06/2020 - 11:06:19:259
1279,13,"1,02%",Florianópolis-SC,26/06/2020,28/06/2020 - 11:06:19:678
12849,247,"1,92%",Aracaju-SE,26/06/2020,28/06/2020 - 11:06:20:166
122759,6982,"5,69%",São Paulo-SP,27/06/2020,28/06/2020 - 11:06:20:878
1650,16,"0,97%",Palmas-TO,26/06/2020,28/06/2020 - 11:06:21:435
2464,80,"3,25%",Porto Alegre-RS,28/06/2020,29/06/2020 - 11:06:58:869
6647,249,"3,75%",Rio Branco-AC,27/06/2020,29/06/2020 - 11:06:59:430
14830,587,"3,96%",Maceió-AL,28/06/2020,29/06/2020 - 11:06:00:989
27122,1770,"6,53%",Manaus-AM,28/06/2020,29/06/2020 - 11:06:01:446
12914,248,"1,92%",Macapá-AP,27/06/2020,29/06/2020 - 11:06:01:970
32332,1093,"3,38%",Salvador-BA,28/06/2020,29/06/2020 - 11:06:02:513
35012,3245,"9,27%",Fortaleza-CE,28/06/2020,29/06/2020 - 11:06:03:66
37642,491,"1,30%",Brasília-DF,27/06/2020,29/06/2020 - 11:06:03:706
6676,233,"3,49%",Vitória-ES,26/06/2020,29/06/2020 - 11:06:04:226
6126,153,"2,50%",Goiânia-GO,28/06/2020,29/06/2020 - 11:06:04:754
12816,788,"6,15%",São Luís-MA,27/06/2020,29/06/2020 - 11:06:05:283
4977,108,"2,17%",Belo Horizonte-MG,27/06/2020,29/06/2020 - 11:06:05:936
1896,8,"0,42%",Campo Grande-MS,26/06/2020,29/06/2020 - 11:06:06:423