Capital,Temperatura Mínima,Temperatura Máxima,Umidade Mínima,Umidade Máxima,Atualizado,Timestamp
Porto Alegre-RS,13,17,43%,73%,26/05/2020,11:05:07:678
Rio Branco-AC,17,30,56%,91%,26/05/2020,11:05:13:969
Maceió-AL,24,30,74%,80%,26/05/2020,11:05:16:721
Manaus-AM,23,30,64%,92%,26/05/2020,11:05:17:863
Macapá-AP,24,33,58%,91%,26/05/2020,11:05:23:368
Salvador-BA,23,31,73%,84%,26/05/2020,11:05:26:469
Fortaleza-CE,23,32,72%,74%,26/05/2020,11:05:32:663
Brasília-DF,14,25,38%,95%,26/05/2020,11:05:37:564
Vitória-ES,19,27,62%,83%,26/05/2020,11:05:39:877
Goiânia-GO,13,25,42%,90%,26/05/2020,11:05:41:200
São Luís-MA,25,34,61%,88%,26/05/2020,11:05:43:714
Belo Horizonte-MG,11,21,28%,68%,26/05/2020,11:05:45:711
Campo Grande-MS,9,23,36%,70%,26/05/2020,11:05:47:241
Cuiabá-MT,14,27,33%,81%,26/05/2020,11:05:48:454
Belém-PA,24,35,48%,94%,26/05/2020,11:05:50:986
João Pessoa-PB,24,31,63%,94%,26/05/2020,11:05:52:412
Recife-PE,23,30,53%,83%,26/05/2020,11:05:55:59
Teresina-PI,24,34,52%,95%,26/05/2020,11:05:56:813
Curitiba-PR,8,17,29%,67%,26/05/2020,11:05:57:820
Rio de Janeiro-RJ,13,26,35%,67%,26/05/2020,11:05:58:988
Natal-RN,24,31,52%,79%,26/05/2020,11:05:00:188
Porto Velho-RO,21,30,55%,84%,26/05/2020,11:05:01:790
Boa Vista-RR,25,32,58%,93%,26/05/2020,11:05:07:53
Florianópolis-SC,10,23,47%,55%,26/05/2020,11:05:09:526
Aracaju-SE,24,31,58%,94%,26/05/2020,11:05:10:951
São Paulo-SP,9,21,33%,73%,26/05/2020,11:05:12:159
Palmas-TO,24,31,52%,88%,26/05/2020,11:05:17:703
Porto Alegre-RS,9,20,47%,73%,27/05/2020,11:05:18:478
Rio Branco-AC,17,31,51%,85%,27/05/2020,11:05:24:182
Maceió-AL,23,31,70%,80%,27/05/2020,11:05:26:196
Manaus-AM,23,32,49%,93%,27/05/2020,11:05:26:635
Macapá-AP,24,33,59%,95%,27/05/2020,11:05:27:168
Salvador-BA,24,29,76%,88%,27/05/2020,11:05:27:568
Fortaleza-CE,24,32,70%,74%,27/05/2020,11:05:27:996
Brasília-DF,9,25,41%,81%,27/05/2020,11:05:28:408
Vitória-ES,15,26,53%,73%,27/05/2020,11:05:28:832
Goiânia-GO,8,24,37%,83%,27/05/2020,11:05:29:225
São Luís-MA,24,32,59%,88%,27/05/2020,11:05:29:600
Belo Horizonte-MG,8,21,31%,61%,27/05/2020,11:05:29:985
Campo Grande-MS,10,23,39%,82%,27/05/2020,11:05:30:375
Cuiabá-MT,13,27,32%,75%,27/05/2020,11:05:30:832
Belém-PA,24,35,50%,95%,27/05/2020,11:05:31:474
João Pessoa-PB,24,31,63%,93%,27/05/2020,11:05:33:998
Recife-PE,23,32,53%,82%,27/05/2020,11:05:35:63
Teresina-PI,24,33,52%,97%,27/05/2020,11:05:37:746
Curitiba-PR,5,19,33%,61%,27/05/2020,11:05:38:936
Rio de Janeiro-RJ,11,25,38%,55%,27/05/2020,11:05:39:319
Natal-RN,23,31,54%,79%,27/05/2020,11:05:45:337
Porto Velho-RO,21,32,45%,84%,27/05/2020,11:05:46:721
Boa Vista-RR,24,30,60%,95%,27/05/2020,11:05:51:664
Florianópolis-SC,8,22,53%,59%,27/05/2020,11:05:52:753
Aracaju-SE,24,31,53%,91%,27/05/2020,11:05:55:483
São Paulo-SP,8,21,41%,65%,27/05/2020,11:05:56:971
Palmas-TO,22,31,56%,88%,27/05/2020,11:05:58:313
Porto Alegre-RS,7,22,30%,57%,28/05/2020,11:05:17:618
Rio Branco-AC,16,31,46%,84%,28/05/2020,11:05:25:674
Maceió-AL,23,30,76%,83%,28/05/2020,11:05:28:451
Manaus-AM,23,30,63%,95%,28/05/2020,11:05:29:641
Macapá-AP,23,33,54%,93%,28/05/2020,11:05:30:784
Salvador-BA,23,28,70%,77%,28/05/2020,11:05:31:885
Fortaleza-CE,24,32,70%,73%,28/05/2020,11:05:33:122
Brasília-DF,10,27,43%,83%,28/05/2020,11:05:42:278
Vitória-ES,16,27,59%,69%,28/05/2020,11:05:43:637
Goiânia-GO,9,28,33%,79%,28/05/2020,11:05:48:872
São Luís-MA,24,33,52%,88%,28/05/2020,11:05:50:294
Belo Horizonte-MG,9,24,37%,67%,28/05/2020,11:05:51:413
Campo Grande-MS,12,27,31%,75%,28/05/2020,11:05:52:508
Cuiabá-MT,14,30,29%,73%,28/05/2020,11:05:53:579
Belém-PA,24,35,48%,95%,28/05/2020,11:05:55:616
João Pessoa-PB,24,31,62%,90%,28/05/2020,11:05:01:762
Recife-PE,23,31,55%,80%,28/05/2020,11:05:05:607
Teresina-PI,24,34,48%,95%,28/05/2020,11:05:06:858
Curitiba-PR,2,20,34%,73%,28/05/2020,11:05:08:93
Rio de Janeiro-RJ,13,25,47%,68%,28/05/2020,11:05:09:489
Natal-RN,24,30,53%,78%,28/05/2020,11:05:13:629
Porto Velho-RO,22,33,42%,80%,28/05/2020,11:05:14:662
Boa Vista-RR,23,30,58%,86%,28/05/2020,11:05:20:949
Florianópolis-SC,9,23,60%,69%,28/05/2020,11:05:22:340
Aracaju-SE,23,27,62%,97%,28/05/2020,11:05:24:226
São Paulo-SP,10,21,42%,77%,28/05/2020,11:05:25:413
Palmas-TO,23,32,51%,83%,28/05/2020,11:05:26:620
Porto Alegre-RS,9,26,32%,57%,29/05/2020,11:05:17:136
Rio Branco-AC,17,33,47%,80%,29/05/2020,11:05:44:274
Maceió-AL,23,27,69%,73%,29/05/2020,11:05:05:516
Porto Alegre-RS,10,26,37%,62%,30/05/2020,11:05:17:897
Rio Branco-AC,18,33,56%,86%,30/05/2020,11:05:38:371
Maceió-AL,22,26,69%,75%,30/05/2020,11:05:58:842
Manaus-AM,22,31,61%,96%,30/05/2020,11:05:19:276
Macapá-AP,24,34,56%,93%,30/05/2020,11:05:49:794
Salvador-BA,22,27,63%,69%,30/05/2020,11:05:05:93
Fortaleza-CE,25,32,67%,75%,30/05/2020,11:05:05:501
Brasília-DF,10,26,45%,87%,30/05/2020,11:05:05:925
Vitória-ES,17,27,66%,70%,30/05/2020,11:05:06:379
Goiânia-GO,12,29,36%,84%,30/05/2020,11:05:06:731
São Luís-MA,24,30,61%,91%,30/05/2020,11:05:07:282
Belo Horizonte-MG,10,25,41%,75%,30/05/2020,11:05:07:691
Campo Grande-MS,15,29,35%,80%,30/05/2020,11:05:08:28
Cuiabá-MT,17,34,32%,60%,30/05/2020,11:05:08:728
Belém-PA,24,32,59%,96%,30/05/2020,11:05:09:128
João Pessoa-PB,24,28,60%,88%,30/05/2020,11:05:11:17
Recife-PE,23,26,58%,76%,30/05/2020,11:05:12:814
Teresina-PI,23,33,51%,84%,30/05/2020,11:05:13:771
Curitiba-PR,5,24,32%,66%,30/05/2020,11:05:15:285
Rio de Janeiro-RJ,12,28,29%,63%,30/05/2020,11:05:20:442
Natal-RN,23,29,50%,76%,30/05/2020,11:05:21:377
Porto Velho-RO,21,33,60%,93%,30/05/2020,11:05:26:177
Boa Vista-RR,23,30,52%,96%,30/05/2020,11:05:27:178
Florianópolis-SC,12,27,58%,78%,30/05/2020,11:05:28:813
Aracaju-SE,22,28,56%,82%,30/05/2020,11:05:29:970
São Paulo-SP,11,26,33%,59%,30/05/2020,11:05:30:298
Palmas-TO,20,33,48%,76%,30/05/2020,11:05:31:255
Porto Alegre-RS,12,24,44%,68%,31/05/2020,11:05:16:605
Rio Branco-AC,20,32,57%,84%,31/05/2020,11:05:17:227
Maceió-AL,23,26,73%,76%,31/05/2020,11:05:17:642
Manaus-AM,24,32,62%,95%,31/05/2020,11:05:18:709
Macapá-AP,24,34,62%,96%,31/05/2020,11:05:19:113
Salvador-BA,22,27,67%,72%,31/05/2020,11:05:19:992
Fortaleza-CE,23,32,69%,78%,31/05/2020,11:05:20:568
Brasília-DF,9,26,46%,86%,31/05/2020,11:05:21:228
Vitória-ES,15,28,61%,71%,31/05/2020,11:05:21:645
Goiânia-GO,11,30,41%,83%,31/05/2020,11:05:22:117
São Luís-MA,24,31,60%,89%,31/05/2020,11:05:22:476
Belo Horizonte-MG,11,26,45%,80%,31/05/2020,11:05:22:854
Campo Grande-MS,20,30,42%,70%,31/05/2020,11:05:23:316
Cuiabá-MT,20,35,28%,52%,31/05/2020,11:05:23:759
Belém-PA,23,33,60%,97%,31/05/2020,11:05:24:211
João Pessoa-PB,24,28,61%,96%,31/05/2020,11:05:30:704
Recife-PE,23,27,50%,85%,31/05/2020,11:05:32:189
Teresina-PI,23,33,48%,87%,31/05/2020,11:05:33:915
Curitiba-PR,5,25,33%,70%,31/05/2020,11:05:34:891
Rio de Janeiro-RJ,14,29,35%,60%,31/05/2020,11:05:36:180
Natal-RN,23,29,54%,79%,31/05/2020,11:05:37:297
Porto Velho-RO,22,32,55%,92%,31/05/2020,11:05:38:411
Boa Vista-RR,24,31,47%,82%,31/05/2020,11:05:39:881
Florianópolis-SC,10,27,57%,81%,31/05/2020,11:05:41:429
Aracaju-SE,24,27,59%,88%,31/05/2020,11:05:42:833
São Paulo-SP,11,26,40%,71%,31/05/2020,11:05:44:449
Palmas-TO,20,33,44%,74%,31/05/2020,11:05:45:731
Porto Alegre-RS,8,17,41%,67%,01/06/2020,11:06:17:460
Rio Branco-AC,22,31,59%,92%,01/06/2020,11:06:38:103
Maceió-AL,23,28,74%,78%,01/06/2020,11:06:59:357
Manaus-AM,23,30,56%,93%,01/06/2020,11:06:20:597
Macapá-AP,24,32,61%,96%,01/06/2020,11:06:51:365
Salvador-BA,23,29,73%,75%,01/06/2020,11:06:22:138
Fortaleza-CE,24,30,71%,76%,01/06/2020,11:06:39:607
Brasília-DF,12,27,41%,85%,01/06/2020,11:06:41:371
Vitória-ES,15,29,60%,71%,01/06/2020,11:06:43:123
Goiânia-GO,12,29,39%,80%,01/06/2020,11:06:44:608
São Luís-MA,24,30,59%,89%,01/06/2020,11:06:46:373
Belo Horizonte-MG,10,25,40%,75%,01/06/2020,11:06:47:564
Campo Grande-MS,18,28,44%,78%,01/06/2020,11:06:48:812
Cuiabá-MT,20,33,32%,60%,01/06/2020,11:06:50:89
Belém-PA,24,31,65%,96%,01/06/2020,11:06:51:519
João Pessoa-PB,23,30,61%,91%,01/06/2020,11:06:54:582
Recife-PE,22,31,47%,79%,01/06/2020,11:06:57:132
Teresina-PI,24,33,49%,92%,01/06/2020,11:06:58:760
Curitiba-PR,12,21,57%,84%,01/06/2020,11:06:00:825
Rio de Janeiro-RJ,14,30,33%,57%,01/06/2020,11:06:18:139
Natal-RN,23,31,51%,77%,01/06/2020,11:06:19:373
Porto Velho-RO,23,32,57%,92%,01/06/2020,11:06:20:689
Boa Vista-RR,24,32,47%,83%,01/06/2020,11:06:24:172
Florianópolis-SC,16,20,69%,81%,01/06/2020,11:06:24:554
Aracaju-SE,24,28,58%,94%,01/06/2020,11:06:25:889
São Paulo-SP,12,26,49%,73%,01/06/2020,11:06:27:95
Palmas-TO,20,33,45%,75%,01/06/2020,11:06:28:24
Porto Alegre-RS,8,17,50%,71%,02/06/2020,11:06:18:446
Rio Branco-AC,22,30,71%,97%,02/06/2020,11:06:43:774
Maceió-AL,22,30,72%,79%,02/06/2020,11:06:04:260
Manaus-AM,23,31,65%,96%,02/06/2020,11:06:24:755
Macapá-AP,24,30,60%,97%,02/06/2020,11:06:55:254
Salvador-BA,24,28,75%,78%,02/06/2020,11:06:25:679
Fortaleza-CE,24,32,71%,74%,02/06/2020,11:06:56:270
Brasília-DF,13,28,37%,75%,02/06/2020,11:06:14:514
Vitória-ES,16,30,62%,78%,02/06/2020,11:06:14:998
Goiânia-GO,12,29,37%,78%,02/06/2020,11:06:15:520
São Luís-MA,24,31,63%,93%,02/06/2020,11:06:15:859
Belo Horizonte-MG,11,26,37%,70%,02/06/2020,11:06:16:273
Campo Grande-MS,15,21,73%,100%,02/06/2020,11:06:16:620
Cuiabá-MT,19,27,50%,82%,02/06/2020,11:06:16:971
Belém-PA,23,32,59%,98%,02/06/2020,11:06:17:336
João Pessoa-PB,24,31,62%,92%,02/06/2020,11:06:19:978
Recife-PE,23,29,54%,79%,02/06/2020,11:06:21:710
Teresina-PI,24,33,48%,97%,02/06/2020,11:06:23:191
Curitiba-PR,12,16,80%,95%,02/06/2020,11:06:24:778
Rio de Janeiro-RJ,13,29,37%,62%,02/06/2020,11:06:30:682
Natal-RN,23,30,49%,76%,02/06/2020,11:06:32:299
Porto Velho-RO,22,31,52%,91%,02/06/2020,11:06:33:955
Boa Vista-RR,24,31,54%,89%,02/06/2020,11:06:39:697
Florianópolis-SC,14,20,68%,83%,02/06/2020,11:06:41:515
Aracaju-SE,23,29,58%,91%,02/06/2020,11:06:48:135
São Paulo-SP,15,22,46%,73%,02/06/2020,11:06:50:09
Palmas-TO,21,33,47%,75%,02/06/2020,11:06:51:498
Porto Alegre-RS,11,19,49%,84%,03/06/2020,11:06:17:228
Rio Branco-AC,18,28,81%,97%,03/06/2020,11:06:37:711
Maceió-AL,22,30,74%,81%,03/06/2020,11:06:58:228
Manaus-AM,22,29,51%,95%,03/06/2020,11:06:03:972
Macapá-AP,24,32,59%,94%,03/06/2020,11:06:04:359
Salvador-BA,23,29,76%,79%,03/06/2020,11:06:04:698
Fortaleza-CE,24,32,69%,73%,03/06/2020,11:06:05:17
Brasília-DF,14,28,44%,79%,03/06/2020,11:06:05:378
Vitória-ES,17,30,65%,83%,03/06/2020,11:06:05:818
Goiânia-GO,12,30,41%,79%,03/06/2020,11:06:06:133
São Luís-MA,24,32,55%,88%,03/06/2020,11:06:06:633
Belo Horizonte-MG,12,28,39%,72%,03/06/2020,11:06:06:974
Campo Grande-MS,15,24,48%,99%,03/06/2020,11:06:07:286
Cuiabá-MT,16,31,39%,94%,03/06/2020,11:06:07:632
Belém-PA,24,32,48%,95%,03/06/2020,11:06:07:953
João Pessoa-PB,23,30,56%,90%,03/06/2020,11:06:09:60
Recife-PE,24,31,47%,78%,03/06/2020,11:06:10:240
Teresina-PI,24,34,46%,90%,03/06/2020,11:06:12:792
Curitiba-PR,12,17,93%,96%,03/06/2020,11:06:13:810
Rio de Janeiro-RJ,16,26,51%,78%,03/06/2020,11:06:20:467
Natal-RN,24,30,51%,74%,03/06/2020,11:06:21:722
Porto Velho-RO,24,31,48%,87%,03/06/2020,11:06:22:683
Boa Vista-RR,24,31,47%,91%,03/06/2020,11:06:29:333
Florianópolis-SC,10,22,68%,74%,03/06/2020,11:06:30:339
Aracaju-SE,24,30,61%,92%,03/06/2020,11:06:40:554
São Paulo-SP,15,21,52%,90%,03/06/2020,11:06:41:769
Palmas-TO,23,32,44%,79%,03/06/2020,11:06:46:817
Porto Alegre-RS,13,21,52%,77%,04/06/2020,11:06:17:316
Rio Branco-AC,19,28,68%,98%,04/06/2020,11:06:38:326
Maceió-AL,23,29,74%,77%,04/06/2020,11:06:59:227
Manaus-AM,23,32,44%,94%,04/06/2020,11:06:00:620
Macapá-AP,24,33,54%,84%,04/06/2020,11:06:01:699
Salvador-BA,24,29,74%,78%,04/06/2020,11:06:07:228
Fortaleza-CE,24,32,68%,73%,04/06/2020,11:06:08:286
Brasília-DF,15,28,44%,89%,04/06/2020,11:06:09:394
Vitória-ES,20,26,77%,84%,04/06/2020,11:06:11:152
Goiânia-GO,17,30,43%,83%,04/06/2020,11:06:12:374
São Luís-MA,25,32,53%,79%,04/06/2020,11:06:13:378
Belo Horizonte-MG,16,26,51%,82%,04/06/2020,11:06:13:749
Campo Grande-MS,18,25,46%,89%,04/06/2020,11:06:14:720
Cuiabá-MT,19,33,27%,64%,04/06/2020,11:06:16:281
Belém-PA,24,33,47%,92%,04/06/2020,11:06:17:534
João Pessoa-PB,24,31,60%,89%,04/06/2020,11:06:19:933
Recife-PE,24,32,51%,75%,04/06/2020,11:06:26:783
Teresina-PI,24,34,44%,88%,04/06/2020,11:06:27:936
Curitiba-PR,12,17,95%,97%,04/06/2020,11:06:29:24
Rio de Janeiro-RJ,17,26,55%,87%,04/06/2020,11:06:30:228
Natal-RN,23,30,51%,76%,04/06/2020,11:06:31:279
Porto Velho-RO,23,33,50%,87%,04/06/2020,11:06:32:274
Boa Vista-RR,24,31,47%,82%,04/06/2020,11:06:37:300
Florianópolis-SC,15,21,71%,81%,04/06/2020,11:06:38:332
Aracaju-SE,24,28,58%,91%,04/06/2020,11:06:40:193
São Paulo-SP,16,22,52%,87%,04/06/2020,11:06:42:367
Palmas-TO,24,33,38%,74%,04/06/2020,11:06:47:208
Porto Alegre-RS,15,19,48%,71%,05/06/2020,11:06:22:20
Rio Branco-AC,19,27,69%,97%,05/06/2020,11:06:38:279
Maceió-AL,23,30,68%,73%,05/06/2020,11:06:40:170
Manaus-AM,23,32,46%,95%,05/06/2020,11:06:41:661
Macapá-AP,24,33,57%,87%,05/06/2020,11:06:42:678
Salvador-BA,23,28,70%,82%,05/06/2020,11:06:43:973
Fortaleza-CE,24,31,67%,73%,05/06/2020,11:06:45:680
Brasília-DF,16,27,47%,94%,05/06/2020,11:06:46:863
Vitória-ES,19,27,73%,76%,05/06/2020,11:06:48:254
Goiânia-GO,17,30,44%,86%,05/06/2020,11:06:49:919
São Luís-MA,24,32,51%,83%,05/06/2020,11:06:02:238
Belo Horizonte-MG,16,27,52%,84%,05/06/2020,11:06:04:23
Campo Grande-MS,19,27,43%,87%,05/06/2020,11:06:05:15
Cuiabá-MT,21,35,33%,73%,05/06/2020,11:06:06:742
Belém-PA,23,33,51%,95%,05/06/2020,11:06:08:248
João Pessoa-PB,24,31,60%,87%,05/06/2020,11:06:09:337
Recife-PE,23,31,48%,70%,05/06/2020,11:06:10:978
Teresina-PI,23,34,44%,89%,05/06/2020,11:06:12:124
Curitiba-PR,14,20,78%,97%,05/06/2020,11:06:13:161
Rio de Janeiro-RJ,19,27,57%,85%,05/06/2020,11:06:20:213
Natal-RN,23,31,49%,71%,05/06/2020,11:06:21:738
Porto Velho-RO,22,32,62%,94%,05/06/2020,11:06:22:731
Boa Vista-RR,24,33,44%,87%,05/06/2020,11:06:24:676
Florianópolis-SC,17,21,79%,88%,05/06/2020,11:06:25:833
Aracaju-SE,23,29,57%,85%,05/06/2020,11:06:33:536
São Paulo-SP,17,23,47%,90%,05/06/2020,11:06:34:688
Palmas-TO,24,34,38%,75%,05/06/2020,11:06:35:670
Porto Alegre-RS,15,19,42%,81%,06/06/2020,11:06:17:510
Rio Branco-AC,19,30,60%,94%,06/06/2020,11:06:38:492
Maceió-AL,21,30,68%,72%,06/06/2020,11:06:39:611
Manaus-AM,25,30,61%,91%,06/06/2020,11:06:41:557
Macapá-AP,25,30,58%,95%,06/06/2020,11:06:43:60
Salvador-BA,24,28,71%,73%,06/06/2020,11:06:44:517
Fortaleza-CE,24,32,65%,72%,06/06/2020,11:06:45:680
Brasília-DF,15,27,49%,90%,06/06/2020,11:06:47:187
Vitória-ES,18,28,70%,77%,06/06/2020,11:06:48:694
Goiânia-GO,18,30,44%,81%,06/06/2020,11:06:50:553
São Luís-MA,25,32,48%,84%,06/06/2020,11:06:52:750
Belo Horizonte-MG,14,27,55%,86%,06/06/2020,11:06:53:802
Campo Grande-MS,15,25,57%,90%,06/06/2020,11:06:54:738
Cuiabá-MT,19,31,44%,79%,06/06/2020,11:06:55:725
Belém-PA,24,32,58%,93%,06/06/2020,11:06:56:833
João Pessoa-PB,24,29,59%,85%,06/06/2020,11:06:58:39
Recife-PE,22,30,53%,70%,06/06/2020,11:06:59:71
Teresina-PI,24,34,45%,80%,06/06/2020,11:06:00:59
Curitiba-PR,17,21,55%,96%,06/06/2020,11:06:01:323
Rio de Janeiro-RJ,17,30,44%,73%,06/06/2020,11:06:07:685
Natal-RN,23,31,49%,75%,06/06/2020,11:06:09:142
Porto Velho-RO,23,30,63%,94%,06/06/2020,11:06:15:486
Boa Vista-RR,24,33,48%,81%,06/06/2020,11:06:21:435
Florianópolis-SC,20,24,88%,93%,06/06/2020,11:06:22:679
Aracaju-SE,24,30,55%,85%,06/06/2020,11:06:24:386
São Paulo-SP,17,26,42%,78%,06/06/2020,11:06:24:965
Palmas-TO,24,34,43%,71%,06/06/2020,11:06:26:74
Porto Alegre-RS,13,18,61%,79%,07/06/2020,11:06:16:821
Rio Branco-AC,22,31,61%,95%,07/06/2020,11:06:38:412
Maceió-AL,21,31,70%,73%,07/06/2020,11:06:58:685
Manaus-AM,24,30,64%,93%,07/06/2020,11:06:19:157
Macapá-AP,23,30,56%,95%,07/06/2020,11:06:33:805
Salvador-BA,23,29,72%,75%,07/06/2020,11:06:34:99
Fortaleza-CE,24,29,69%,73%,07/06/2020,11:06:34:385
Brasília-DF,14,28,41%,88%,07/06/2020,11:06:34:672
Vitória-ES,21,28,75%,80%,07/06/2020,11:06:34:968
Goiânia-GO,17,30,42%,79%,07/06/2020,11:06:35:253
São Luís-MA,24,33,52%,88%,07/06/2020,11:06:35:570
Belo Horizonte-MG,15,28,49%,85%,07/06/2020,11:06:35:884
Campo Grande-MS,16,27,50%,88%,07/06/2020,11:06:36:160
Cuiabá-MT,20,33,35%,86%,07/06/2020,11:06:36:496
Belém-PA,24,33,50%,94%,07/06/2020,11:06:36:772
João Pessoa-PB,23,28,59%,89%,07/06/2020,11:06:38:591
Recife-PE,23,29,56%,72%,07/06/2020,11:06:39:915
Teresina-PI,24,34,43%,75%,07/06/2020,11:06:52:752
Curitiba-PR,9,23,24%,74%,07/06/2020,11:06:53:863
Rio de Janeiro-RJ,20,29,44%,66%,07/06/2020,11:06:55:262
Natal-RN,23,29,51%,77%,07/06/2020,11:06:56:643
Porto Velho-RO,23,33,57%,96%,07/06/2020,11:06:58:232
Boa Vista-RR,24,29,56%,86%,07/06/2020,11:06:59:508
Florianópolis-SC,15,25,60%,72%,07/06/2020,11:06:00:416
Aracaju-SE,24,31,59%,88%,07/06/2020,11:06:01:634
São Paulo-SP,17,24,55%,92%,07/06/2020,11:06:03:360
Palmas-TO,23,34,40%,73%,07/06/2020,11:06:06:940
Porto Alegre-RS,12,21,47%,85%,08/06/2020,11:06:18:230
Rio Branco-AC,20,31,57%,92%,08/06/2020,11:06:25:219
Maceió-AL,21,30,69%,75%,08/06/2020,11:06:25:824
Manaus-AM,23,30,49%,94%,08/06/2020,11:06:27:216
Macapá-AP,23,29,58%,91%,08/06/2020,11:06:27:703
Salvador-BA,25,28,73%,76%,08/06/2020,11:06:28:173
Fortaleza-CE,23,30,68%,77%,08/06/2020,11:06:28:703
Brasília-DF,14,28,40%,85%,08/06/2020,11:06:29:218
Vitória-ES,18,28,79%,85%,08/06/2020,11:06:32:213
Goiânia-GO,17,29,37%,77%,08/06/2020,11:06:32:696
São Luís-MA,25,32,58%,90%,08/06/2020,11:06:33:160
Belo Horizonte-MG,16,28,43%,84%,08/06/2020,11:06:33:634
Campo Grande-MS,21,30,47%,93%,08/06/2020,11:06:34:228
Cuiabá-MT,22,34,34%,69%,08/06/2020,11:06:34:695
Belém-PA,24,32,54%,94%,08/06/2020,11:06:35:191
João Pessoa-PB,23,29,71%,93%,08/06/2020,11:06:37:207
Recife-PE,23,29,57%,81%,08/06/2020,11:06:38:631
Teresina-PI,24,34,47%,80%,08/06/2020,11:06:39:770
Curitiba-PR,9,23,43%,65%,08/06/2020,11:06:41:52
Rio de Janeiro-RJ,19,27,64%,86%,08/06/2020,11:06:42:106
Natal-RN,23,30,51%,81%,08/06/2020,11:06:44:461
Porto Velho-RO,23,34,49%,93%,08/06/2020,11:06:45:689
Boa Vista-RR,23,29,60%,100%,08/06/2020,11:06:58:418
Florianópolis-SC,13,25,66%,80%,08/06/2020,11:06:59:983
Aracaju-SE,24,29,59%,89%,08/06/2020,11:06:01:840
São Paulo-SP,16,25,46%,69%,08/06/2020,11:06:07:979
Palmas-TO,23,35,36%,74%,08/06/2020,11:06:13:205
Porto Alegre-RS,15,20,58%,74%,09/06/2020,11:06:17:693
Rio Branco-AC,22,33,52%,91%,09/06/2020,11:06:27:594
Maceió-AL,22,28,71%,72%,09/06/2020,11:06:29:612
Manaus-AM,23,33,44%,87%,09/06/2020,11:06:30:926
Macapá-AP,24,31,57%,92%,09/06/2020,11:06:32:511
Salvador-BA,23,28,72%,76%,09/06/2020,11:06:33:879
Fortaleza-CE,23,32,70%,75%,09/06/2020,11:06:35:121
Brasília-DF,14,28,39%,84%,09/06/2020,11:06:36:600
Vitória-ES,18,29,75%,87%,09/06/2020,11:06:37:754
Goiânia-GO,16,32,28%,78%,09/06/2020,11:06:39:92
São Luís-MA,24,32,62%,90%,09/06/2020,11:06:40:164
Belo Horizonte-MG,15,29,38%,78%,09/06/2020,11:06:41:243
Campo Grande-MS,20,31,45%,86%,09/06/2020,11:06:42:478
Cuiabá-MT,22,36,33%,71%,09/06/2020,11:06:43:460
Belém-PA,24,33,58%,95%,09/06/2020,11:06:44:862
João Pessoa-PB,23,30,62%,91%,09/06/2020,11:06:46:476
Recife-PE,23,28,54%,76%,09/06/2020,11:06:47:736
Teresina-PI,24,33,47%,83%,09/06/2020,11:06:49:937
Curitiba-PR,15,24,49%,92%,09/06/2020,11:06:51:81
Rio de Janeiro-RJ,18,30,43%,83%,09/06/2020,11:06:56:790
Natal-RN,22,30,52%,77%,09/06/2020,11:06:02:54
Porto Velho-RO,23,33,47%,83%,09/06/2020,11:06:03:233
Boa Vista-RR,24,29,66%,91%,09/06/2020,11:06:04:969
Florianópolis-SC,17,26,68%,85%,09/06/2020,11:06:07:849
Aracaju-SE,23,30,57%,92%,09/06/2020,11:06:14:450
São Paulo-SP,17,27,50%,80%,09/06/2020,11:06:16:107
Palmas-TO,21,34,37%,71%,09/06/2020,11:06:18:466
Porto Alegre-RS,12,20,64%,86%,10/06/2020,11:06:17:765
Rio Branco-AC,21,33,49%,88%,10/06/2020,11:06:36:201
Maceió-AL,23,29,71%,74%,10/06/2020,11:06:36:596
Manaus-AM,23,33,46%,79%,10/06/2020,11:06:37:209
Macapá-AP,24,32,70%,98%,10/06/2020,11:06:37:858
Salvador-BA,23,29,74%,76%,10/06/2020,11:06:38:701
Fortaleza-CE,23,32,70%,77%,10/06/2020,11:06:39:166
Brasília-DF,14,28,33%,76%,10/06/2020,11:06:39:585
Vitória-ES,20,30,72%,86%,10/06/2020,11:06:39:992
Goiânia-GO,16,31,29%,73%,10/06/2020,11:06:40:827
São Luís-MA,25,32,59%,91%,10/06/2020,11:06:41:221
Belo Horizonte-MG,14,29,35%,73%,10/06/2020,11:06:42:235
Campo Grande-MS,20,31,41%,76%,10/06/2020,11:06:42:771
Cuiabá-MT,21,36,28%,64%,10/06/2020,11:06:43:143
Belém-PA,23,33,57%,96%,10/06/2020,11:06:43:523
João Pessoa-PB,23,29,60%,87%,10/06/2020,11:06:44:581
Recife-PE,23,28,52%,73%,10/06/2020,11:06:46:463
Teresina-PI,24,33,48%,92%,10/06/2020,11:06:47:713
Curitiba-PR,17,22,38%,84%,10/06/2020,11:06:48:833
Rio de Janeiro-RJ,21,33,34%,61%,10/06/2020,11:06:54:201
Natal-RN,23,30,50%,70%,10/06/2020,11:06:59:846
Porto Velho-RO,22,34,43%,83%,10/06/2020,11:06:01:420
Boa Vista-RR,23,30,53%,86%,10/06/2020,11:06:02:724
Florianópolis-SC,18,22,85%,95%,10/06/2020,11:06:03:820
Aracaju-SE,24,29,59%,89%,10/06/2020,11:06:09:953
São Paulo-SP,17,26,44%,76%,10/06/2020,11:06:11:60
Palmas-TO,22,34,32%,68%,10/06/2020,11:06:12:927
Porto Alegre-RS,17,23,68%,98%,11/06/2020,11:06:17:278
Rio Branco-AC,20,33,43%,82%,11/06/2020,11:06:24:315
Maceió-AL,22,29,70%,73%,11/06/2020,11:06:25:780
Manaus-AM,24,32,51%,90%,11/06/2020,11:06:26:519
Macapá-AP,24,33,57%,95%,11/06/2020,11:06:26:892
Salvador-BA,22,29,69%,74%,11/06/2020,11:06:27:307
Fortaleza-CE,24,30,69%,73%,11/06/2020,11:06:27:731
Brasília-DF,13,28,34%,77%,11/06/2020,11:06:28:117
Vitória-ES,21,32,68%,77%,11/06/2020,11:06:29:221
Goiânia-GO,14,31,30%,67%,11/06/2020,11:06:29:661
São Luís-MA,24,32,55%,89%,11/06/2020,11:06:30:94
Belo Horizonte-MG,14,29,36%,68%,11/06/2020,11:06:30:488
Campo Grande-MS,19,32,32%,65%,11/06/2020,11:06:30:864
Cuiabá-MT,21,36,25%,62%,11/06/2020,11:06:31:242
Belém-PA,24,33,59%,93%,11/06/2020,11:06:31:597
João Pessoa-PB,23,28,59%,82%,11/06/2020,11:06:41:783
Recife-PE,23,30,46%,69%,11/06/2020,11:06:43:572
Teresina-PI,24,33,44%,91%,11/06/2020,11:06:44:858
Curitiba-PR,16,26,41%,88%,11/06/2020,11:06:46:357
Rio de Janeiro-RJ,19,34,33%,62%,11/06/2020,11:06:52:752
Natal-RN,23,28,50%,72%,11/06/2020,11:06:53:743
Porto Velho-RO,23,33,48%,82%,11/06/2020,11:06:54:879
Boa Vista-RR,23,29,63%,90%,11/06/2020,11:06:00:951
Florianópolis-SC,19,27,83%,98%,11/06/2020,11:06:02:23
Aracaju-SE,24,30,58%,86%,11/06/2020,11:06:06:96
São Paulo-SP,18,28,39%,75%,11/06/2020,11:06:11:617
Palmas-TO,22,34,35%,69%,11/06/2020,11:06:13:295
Porto Alegre-RS,16,23,68%,98%,11/06/2020,17:06:09:355
Porto Alegre-RS,17,27,32%,86%,12/06/2020,11:06:18:184
Rio Branco-AC,21,33,50%,88%,12/06/2020,11:06:28:533
Maceió-AL,22,29,67%,72%,12/06/2020,11:06:29:449
Manaus-AM,23,30,59%,95%,12/06/2020,11:06:30:127
Macapá-AP,24,31,60%,92%,12/06/2020,11:06:30:495
Salvador-BA,23,29,69%,74%,12/06/2020,11:06:31:232
Fortaleza-CE,24,30,71%,76%,12/06/2020,11:06:31:612
Brasília-DF,13,28,31%,79%,12/06/2020,11:06:32:239
Vitória-ES,21,32,64%,80%,12/06/2020,11:06:32:618
Goiânia-GO,14,31,30%,68%,12/06/2020,11:06:33:223
São Luís-MA,24,30,55%,90%,12/06/2020,11:06:33:654
Belo Horizonte-MG,15,30,37%,69%,12/06/2020,11:06:34:261
Campo Grande-MS,20,31,32%,60%,12/06/2020,11:06:34:631
Cuiabá-MT,20,35,30%,61%,12/06/2020,11:06:35:235
Belém-PA,24,32,61%,95%,12/06/2020,11:06:36:61
João Pessoa-PB,23,30,56%,77%,12/06/2020,11:06:37:357
Recife-PE,23,30,49%,65%,12/06/2020,11:06:39:225
Teresina-PI,24,34,46%,84%,12/06/2020,11:06:40:332
Curitiba-PR,14,26,34%,85%,12/06/2020,11:06:41:699
Rio de Janeiro-RJ,19,32,41%,57%,12/06/2020,11:06:42:983
Natal-RN,23,29,48%,69%,12/06/2020,11:06:44:401
Porto Velho-RO,24,33,54%,86%,12/06/2020,11:06:45:491
Boa Vista-RR,23,29,61%,97%,12/06/2020,11:06:47:448
Florianópolis-SC,18,29,85%,97%,12/06/2020,11:06:48:569
Aracaju-SE,24,29,54%,88%,12/06/2020,11:06:52:221
São Paulo-SP,17,29,40%,77%,12/06/2020,11:06:05:170
Palmas-TO,22,34,31%,66%,12/06/2020,11:06:06:694
Porto Alegre-RS,11,19,45%,73%,13/06/2020,11:06:25:585
Rio Branco-AC,21,30,56%,94%,13/06/2020,11:06:47:161
Rio Branco-AC,21,30,56%,94%,13/06/2020,11:06:47:916
Maceió-AL,22,29,70%,73%,13/06/2020,11:06:48:584
Manaus-AM,22,31,61%,93%,13/06/2020,11:06:49:641
Macapá-AP,22,31,61%,96%,13/06/2020,11:06:51:221
Maceió-AL,21,28,68%,75%,13/06/2020,11:06:53:129
Fortaleza-CE,23,31,67%,74%,13/06/2020,11:06:53:750
Macapá-AP,22,31,61%,96%,13/06/2020,11:06:54:171
Salvador-BA,24,29,66%,72%,13/06/2020,11:06:54:552
Brasília-DF,14,27,35%,74%,13/06/2020,11:06:55:07
Vitória-ES,19,32,73%,81%,13/06/2020,11:06:56:360
Vitória-ES,19,32,73%,81%,13/06/2020,11:06:56:546
Goiânia-GO,17,30,33%,63%,13/06/2020,11:06:57:590
São Luís-MA,25,32,53%,85%,13/06/2020,11:06:58:255
Belo Horizonte-MG,14,28,30%,73%,13/06/2020,11:06:00:554
Campo Grande-MS,20,31,35%,64%,13/06/2020,11:06:00:725
Cuiabá-MT,21,36,25%,62%,13/06/2020,11:06:01:591
Belém-PA,24,33,59%,93%,13/06/2020,11:06:02:771
João Pessoa-PB,23,28,59%,82%,13/06/2020,11:06:03:680
Recife-PE,23,30,52%,70%,13/06/2020,11:06:04:862
Teresina-PI,23,33,46%,79%,13/06/2020,11:06:06:202
Curitiba-PR,15,26,40%,80%,13/06/2020,11:06:07:367
Curitiba-PR,15,26,40%,80%,13/06/2020,11:06:07:694
Rio de Janeiro-RJ,18,35,33%,56%,13/06/2020,11:06:09:379
Natal-RN,23,29,42%,70%,13/06/2020,11:06:09:807
Porto Velho-RO,23,33,48%,82%,13/06/2020,11:06:10:242
Boa Vista-RR,23,29,63%,90%,13/06/2020,11:06:11:122
Florianópolis-SC,17,27,69%,85%,13/06/2020,11:06:13:437
Aracaju-SE,23,29,61%,86%,13/06/2020,11:06:15:761
Florianópolis-SC,17,27,69%,85%,13/06/2020,11:06:16:625
São Paulo-SP,16,28,43%,70%,13/06/2020,11:06:17:456
São Paulo-SP,16,28,43%,70%,13/06/2020,11:06:17:829
Palmas-TO,22,34,35%,69%,13/06/2020,11:06:18:411
Palmas-TO,23,34,26%,65%,13/06/2020,11:06:19:407
Porto Alegre-RS,11,19,45%,73%,13/06/2020,11:06:26:286
Rio Branco-AC,21,30,56%,94%,13/06/2020,11:06:26:687
Maceió-AL,21,28,68%,75%,13/06/2020,11:06:27:74
Manaus-AM,22,31,61%,93%,13/06/2020,11:06:27:453
Macapá-AP,22,31,61%,96%,13/06/2020,11:06:28:92
Salvador-BA,24,29,66%,72%,13/06/2020,11:06:28:474
Fortaleza-CE,23,31,67%,74%,13/06/2020,11:06:29:80
Brasília-DF,14,27,35%,74%,13/06/2020,11:06:30:152
Vitória-ES,19,32,73%,81%,13/06/2020,11:06:30:521
Goiânia-GO,17,30,33%,63%,13/06/2020,11:06:30:937
São Luís-MA,25,32,53%,85%,13/06/2020,11:06:31:301
Belo Horizonte-MG,14,28,30%,73%,13/06/2020,11:06:31:662
Campo Grande-MS,20,31,35%,64%,13/06/2020,11:06:32:100
Cuiabá-MT,20,35,31%,65%,13/06/2020,11:06:32:492
Belém-PA,23,32,67%,95%,13/06/2020,11:06:32:988
João Pessoa-PB,22,30,60%,83%,13/06/2020,11:06:33:383
Recife-PE,23,30,52%,70%,13/06/2020,11:06:33:785
Teresina-PI,23,33,46%,79%,13/06/2020,11:06:34:192
Curitiba-PR,15,26,40%,80%,13/06/2020,11:06:34:670
Rio de Janeiro-RJ,18,35,33%,56%,13/06/2020,11:06:35:28
Natal-RN,23,29,42%,70%,13/06/2020,11:06:35:444
Porto Velho-RO,23,33,62%,93%,13/06/2020,11:06:35:816
Boa Vista-RR,23,30,57%,94%,13/06/2020,11:06:36:193
Florianópolis-SC,17,27,69%,85%,13/06/2020,11:06:36:574
Aracaju-SE,23,29,61%,86%,13/06/2020,11:06:37:50
São Paulo-SP,16,28,43%,70%,13/06/2020,11:06:37:435
Palmas-TO,23,34,26%,65%,13/06/2020,11:06:37:856
Porto Alegre-RS,11,19,45%,73%,13/06/2020,11:06:47:227
Rio Branco-AC,21,30,56%,94%,13/06/2020,11:06:47:657
Maceió-AL,21,28,68%,75%,13/06/2020,11:06:48:125
Manaus-AM,22,31,61%,93%,13/06/2020,11:06:48:502
Macapá-AP,22,31,61%,96%,13/06/2020,11:06:48:919
Salvador-BA,24,29,66%,72%,13/06/2020,11:06:49:293
Fortaleza-CE,23,31,67%,74%,13/06/2020,11:06:49:681
Brasília-DF,14,27,35%,74%,13/06/2020,11:06:50:61
Vitória-ES,19,32,73%,81%,13/06/2020,11:06:50:435
Goiânia-GO,17,30,33%,63%,13/06/2020,11:06:50:840
São Luís-MA,25,32,53%,85%,13/06/2020,11:06:51:252
Belo Horizonte-MG,14,28,30%,73%,13/06/2020,11:06:51:840
Campo Grande-MS,20,31,35%,64%,13/06/2020,11:06:52:223
Cuiabá-MT,20,35,31%,65%,13/06/2020,11:06:52:838
Belém-PA,23,32,67%,95%,13/06/2020,11:06:53:207
João Pessoa-PB,22,30,60%,83%,13/06/2020,11:06:54:388
Recife-PE,23,30,52%,70%,13/06/2020,11:06:56:807
Teresina-PI,23,33,46%,79%,13/06/2020,11:06:02:596
Curitiba-PR,15,26,40%,80%,13/06/2020,11:06:03:947
Rio de Janeiro-RJ,18,35,33%,56%,13/06/2020,11:06:05:240
Natal-RN,23,29,42%,70%,13/06/2020,11:06:06:587
Porto Velho-RO,23,33,62%,93%,13/06/2020,11:06:07:568
Boa Vista-RR,23,30,57%,94%,13/06/2020,11:06:08:895
Florianópolis-SC,17,27,69%,85%,13/06/2020,11:06:10:86
Aracaju-SE,23,29,61%,86%,13/06/2020,11:06:11:213
São Paulo-SP,16,28,43%,70%,13/06/2020,11:06:12:922
Palmas-TO,23,34,26%,65%,13/06/2020,11:06:14:42
Porto Alegre-RS,6,16,34%,46%,14/06/2020,11:06:17:328
Rio Branco-AC,23,30,63%,89%,14/06/2020,11:06:27:245
Maceió-AL,22,27,68%,76%,14/06/2020,11:06:28:753
Manaus-AM,24,30,45%,92%,14/06/2020,11:06:29:292
Macapá-AP,24,31,60%,89%,14/06/2020,11:06:29:650
Salvador-BA,22,29,65%,72%,14/06/2020,11:06:29:971
Fortaleza-CE,23,31,67%,71%,14/06/2020,11:06:30:256
Brasília-DF,13,28,36%,77%,14/06/2020,11:06:30:576
Vitória-ES,19,30,67%,80%,14/06/2020,11:06:30:917
Goiânia-GO,16,30,33%,69%,14/06/2020,11:06:31:228
São Luís-MA,24,32,51%,90%,14/06/2020,11:06:31:524
Belo Horizonte-MG,13,28,32%,69%,14/06/2020,11:06:31:906
Campo Grande-MS,19,30,44%,96%,14/06/2020,11:06:32:200
Cuiabá-MT,22,34,28%,69%,14/06/2020,11:06:32:543
Belém-PA,24,33,56%,96%,14/06/2020,11:06:32:878
João Pessoa-PB,23,29,58%,85%,14/06/2020,11:06:34:16
Recife-PE,23,28,48%,69%,14/06/2020,11:06:35:31
Teresina-PI,24,34,44%,74%,14/06/2020,11:06:35:974
Curitiba-PR,11,16,69%,96%,14/06/2020,11:06:36:952
Rio de Janeiro-RJ,19,26,50%,69%,14/06/2020,11:06:37:944
Natal-RN,22,30,49%,76%,14/06/2020,11:06:39:21
Porto Velho-RO,22,31,52%,90%,14/06/2020,11:06:40:984
Boa Vista-RR,24,31,55%,94%,14/06/2020,11:06:45:864
Florianópolis-SC,14,19,60%,81%,14/06/2020,11:06:47:350
Aracaju-SE,24,30,58%,85%,14/06/2020,11:06:49:890
São Paulo-SP,15,19,59%,85%,14/06/2020,11:06:50:956
Palmas-TO,20,34,28%,58%,14/06/2020,11:06:53:31
Porto Alegre-RS,6,21,49%,68%,15/06/2020,11:06:18:47
Rio Branco-AC,18,31,57%,86%,15/06/2020,11:06:39:659
Maceió-AL,23,28,71%,75%,15/06/2020,11:06:05:02
Manaus-AM,23,32,42%,86%,15/06/2020,11:06:26:196
Macapá-AP,25,30,59%,91%,15/06/2020,11:06:46:567
Salvador-BA,21,29,67%,70%,15/06/2020,11:06:06:916
Fortaleza-CE,24,32,66%,73%,15/06/2020,11:06:10:183
Brasília-DF,13,27,28%,74%,15/06/2020,11:06:12:255
Vitória-ES,22,27,74%,83%,15/06/2020,11:06:13:953
Goiânia-GO,16,29,29%,73%,15/06/2020,11:06:15:131
São Luís-MA,24,31,54%,87%,15/06/2020,11:06:16:464
Belo Horizonte-MG,17,25,48%,80%,15/06/2020,11:06:17:883
Campo Grande-MS,20,29,38%,82%,15/06/2020,11:06:19:341
Cuiabá-MT,20,33,27%,92%,15/06/2020,11:06:21:314
Belém-PA,24,31,61%,94%,15/06/2020,11:06:22:856
João Pessoa-PB,23,29,59%,86%,15/06/2020,11:06:24:833
Recife-PE,23,28,54%,71%,15/06/2020,11:06:25:938
Teresina-PI,24,33,47%,79%,15/06/2020,11:06:27:645
Curitiba-PR,11,17,86%,96%,15/06/2020,11:06:28:920
Rio de Janeiro-RJ,17,24,59%,72%,15/06/2020,11:06:30:130
Natal-RN,23,29,47%,75%,15/06/2020,11:06:31:295
Porto Velho-RO,23,33,47%,88%,15/06/2020,11:06:32:526
Boa Vista-RR,24,31,59%,95%,15/06/2020,11:06:38:345
Florianópolis-SC,14,20,71%,78%,15/06/2020,11:06:39:443
Aracaju-SE,24,30,59%,84%,15/06/2020,11:06:40:727
São Paulo-SP,14,22,63%,87%,15/06/2020,11:06:42:66
Palmas-TO,23,34,37%,61%,15/06/2020,11:06:43:528
Porto Alegre-RS,12,26,50%,78%,16/06/2020,11:06:17:436
Rio Branco-AC,20,32,51%,85%,16/06/2020,11:06:37:958
Maceió-AL,22,28,66%,83%,16/06/2020,11:06:58:418
Manaus-AM,23,32,45%,81%,16/06/2020,11:06:19:80
Macapá-AP,23,30,60%,92%,16/06/2020,11:06:49:635
Salvador-BA,22,28,63%,68%,16/06/2020,11:06:50:360
Fortaleza-CE,24,32,68%,73%,16/06/2020,11:06:51:90
Brasília-DF,15,25,46%,91%,16/06/2020,11:06:51:822
Vitória-ES,20,24,72%,76%,16/06/2020,11:06:52:759
Goiânia-GO,14,29,40%,81%,16/06/2020,11:06:53:158
São Luís-MA,24,32,52%,88%,16/06/2020,11:06:53:549
Belo Horizonte-MG,17,24,57%,85%,16/06/2020,11:06:54:321
Campo Grande-MS,19,29,32%,60%,16/06/2020,11:06:55:211
Cuiabá-MT,19,33,26%,63%,16/06/2020,11:06:55:718
Belém-PA,24,32,56%,94%,16/06/2020,11:06:56:154
João Pessoa-PB,22,27,59%,81%,16/06/2020,11:06:57:792
Recife-PE,23,29,53%,69%,16/06/2020,11:06:59:90
Teresina-PI,24,34,42%,75%,16/06/2020,11:06:00:827
Curitiba-PR,13,20,63%,97%,16/06/2020,11:06:07:770
Rio de Janeiro-RJ,16,26,54%,80%,16/06/2020,11:06:08:969
Natal-RN,22,28,50%,74%,16/06/2020,11:06:14:229
Porto Velho-RO,22,33,45%,82%,16/06/2020,11:06:16:116
Boa Vista-RR,22,29,58%,90%,16/06/2020,11:06:21:255
Florianópolis-SC,16,21,78%,93%,16/06/2020,11:06:22:231
Aracaju-SE,24,30,54%,74%,16/06/2020,11:06:23:388
São Paulo-SP,16,23,48%,87%,16/06/2020,11:06:23:785
Palmas-TO,22,34,36%,58%,16/06/2020,11:06:26:708
Porto Alegre-RS,13,27,38%,70%,17/06/2020,11:06:17:392
Rio Branco-AC,19,33,48%,87%,17/06/2020,11:06:39:615
Maceió-AL,21,30,66%,69%,17/06/2020,11:06:00:904
Manaus-AM,22,30,44%,84%,17/06/2020,11:06:22:310
Macapá-AP,24,31,56%,89%,17/06/2020,11:06:26:408
Salvador-BA,23,29,63%,68%,17/06/2020,11:06:28:327
Fortaleza-CE,24,31,68%,72%,17/06/2020,11:06:29:842
Brasília-DF,15,25,39%,90%,17/06/2020,11:06:30:989
Vitória-ES,20,25,64%,71%,17/06/2020,11:06:32:467
Goiânia-GO,15,28,36%,83%,17/06/2020,11:06:35:214
São Luís-MA,25,32,51%,83%,17/06/2020,11:06:36:418
Belo Horizonte-MG,16,24,55%,82%,17/06/2020,11:06:37:689
Campo Grande-MS,19,30,37%,73%,17/06/2020,11:06:39:51
Cuiabá-MT,21,35,25%,58%,17/06/2020,11:06:41:613
Belém-PA,24,33,48%,94%,17/06/2020,11:06:42:801
João Pessoa-PB,23,28,58%,83%,17/06/2020,11:06:50:607
Recife-PE,23,29,50%,67%,17/06/2020,11:06:51:875
Teresina-PI,24,33,42%,75%,17/06/2020,11:06:53:826
Curitiba-PR,13,22,59%,95%,17/06/2020,11:06:55:158
Rio de Janeiro-RJ,15,27,46%,76%,17/06/2020,11:06:01:175
Natal-RN,23,28,48%,71%,17/06/2020,11:06:02:272
Porto Velho-RO,21,33,47%,84%,17/06/2020,11:06:03:318
Boa Vista-RR,24,30,69%,99%,17/06/2020,11:06:06:146
Florianópolis-SC,19,23,88%,91%,17/06/2020,11:06:07:251
Aracaju-SE,24,30,56%,80%,17/06/2020,11:06:13:230
São Paulo-SP,15,24,43%,84%,17/06/2020,11:06:19:703
Palmas-TO,23,33,34%,63%,17/06/2020,11:06:20:694
Porto Alegre-RS,15,26,32%,67%,18/06/2020,11:06:17:724
Rio Branco-AC,20,33,47%,74%,18/06/2020,11:06:38:997
Maceió-AL,20,29,67%,70%,18/06/2020,11:06:45:948
Manaus-AM,23,32,46%,94%,18/06/2020,11:06:47:116
Macapá-AP,24,30,55%,89%,18/06/2020,11:06:48:317
Salvador-BA,22,28,68%,70%,18/06/2020,11:06:49:752
Fortaleza-CE,24,31,65%,71%,18/06/2020,11:06:51:336
Brasília-DF,15,23,45%,91%,18/06/2020,11:06:53:65
Vitória-ES,18,25,63%,69%,18/06/2020,11:06:54:839
Goiânia-GO,14,28,39%,80%,18/06/2020,11:06:56:305
São Luís-MA,24,33,50%,79%,18/06/2020,11:06:58:327
Belo Horizonte-MG,13,23,41%,85%,18/06/2020,11:06:59:589
Campo Grande-MS,19,30,35%,69%,18/06/2020,11:06:00:841
Cuiabá-MT,19,35,27%,61%,18/06/2020,11:06:02:338
Belém-PA,24,33,47%,93%,18/06/2020,11:06:04:757
João Pessoa-PB,23,29,60%,82%,18/06/2020,11:06:06:253
Recife-PE,23,30,51%,68%,18/06/2020,11:06:08:672
Teresina-PI,23,33,40%,71%,18/06/2020,11:06:11:19
Curitiba-PR,12,23,45%,93%,18/06/2020,11:06:12:275
Rio de Janeiro-RJ,14,28,35%,66%,18/06/2020,11:06:17:531
Natal-RN,22,31,49%,70%,18/06/2020,11:06:19:317
Porto Velho-RO,23,33,48%,86%,18/06/2020,11:06:20:633
Boa Vista-RR,23,29,75%,99%,18/06/2020,11:06:25:791
Florianópolis-SC,19,25,83%,91%,18/06/2020,11:06:27:118
Aracaju-SE,23,30,57%,80%,18/06/2020,11:06:32:534
São Paulo-SP,13,25,41%,71%,18/06/2020,11:06:34:326
Palmas-TO,21,33,26%,57%,18/06/2020,11:06:39:481
Porto Alegre-RS,17,26,58%,83%,19/06/2020,11:06:33:822
Rio Branco-AC,20,33,52%,82%,19/06/2020,11:06:38:700
Maceió-AL,22,28,71%,73%,19/06/2020,11:06:40:881
Manaus-AM,24,33,43%,93%,19/06/2020,11:06:42:72
Macapá-AP,24,30,54%,79%,19/06/2020,11:06:43:271
Salvador-BA,22,30,66%,70%,19/06/2020,11:06:44:720
Fortaleza-CE,24,30,69%,75%,19/06/2020,11:06:46:576
Brasília-DF,13,25,37%,84%,19/06/2020,11:06:47:797
Vitória-ES,18,27,73%,80%,19/06/2020,11:06:49:855
Goiânia-GO,15,28,31%,77%,19/06/2020,11:06:51:79
São Luís-MA,24,32,50%,77%,19/06/2020,11:06:52:370
Belo Horizonte-MG,11,25,47%,78%,19/06/2020,11:06:53:511
Campo Grande-MS,16,30,35%,74%,19/06/2020,11:06:54:919
Cuiabá-MT,22,35,29%,68%,19/06/2020,11:06:57:917
Belém-PA,24,32,48%,89%,19/06/2020,11:06:06:191
João Pessoa-PB,23,27,65%,83%,19/06/2020,11:06:07:571
Recife-PE,23,28,63%,70%,19/06/2020,11:06:10:182
Teresina-PI,22,33,42%,77%,19/06/2020,11:06:12:852
Curitiba-PR,11,24,47%,86%,19/06/2020,11:06:14:620
Rio de Janeiro-RJ,15,30,29%,54%,19/06/2020,11:06:19:864
Natal-RN,22,27,50%,74%,19/06/2020,11:06:21:826
Porto Velho-RO,23,33,45%,83%,19/06/2020,11:06:23:546
Boa Vista-RR,24,29,66%,98%,19/06/2020,11:06:35:978
Florianópolis-SC,18,28,76%,81%,19/06/2020,11:06:37:362
Aracaju-SE,24,30,57%,82%,19/06/2020,11:06:40:357
São Paulo-SP,14,26,43%,72%,19/06/2020,11:06:41:964
Palmas-TO,21,34,29%,62%,19/06/2020,11:06:43:151
Porto Alegre-RS,18,25,37%,70%,20/06/2020,11:06:17:297
Rio Branco-AC,21,32,47%,86%,20/06/2020,11:06:23:410
Maceió-AL,22,29,69%,73%,20/06/2020,11:06:24:600
Manaus-AM,23,32,42%,82%,20/06/2020,11:06:25:688
Macapá-AP,23,30,52%,85%,20/06/2020,11:06:27:234
Salvador-BA,22,28,66%,73%,20/06/2020,11:06:29:238
Fortaleza-CE,24,31,69%,76%,20/06/2020,11:06:30:301
Brasília-DF,14,25,35%,90%,20/06/2020,11:06:31:818
Vitória-ES,19,28,71%,82%,20/06/2020,11:06:32:830
Goiânia-GO,16,28,33%,79%,20/06/2020,11:06:33:955
São Luís-MA,24,33,48%,76%,20/06/2020,11:06:35:403
Belo Horizonte-MG,15,25,48%,87%,20/06/2020,11:06:36:568
Campo Grande-MS,19,31,29%,67%,20/06/2020,11:06:38:86
Cuiabá-MT,19,35,23%,58%,20/06/2020,11:06:39:184
Belém-PA,23,32,45%,90%,20/06/2020,11:06:40:466
João Pessoa-PB,23,30,60%,75%,20/06/2020,11:06:41:988
Recife-PE,24,29,50%,68%,20/06/2020,11:06:43:663
Teresina-PI,23,33,39%,80%,20/06/2020,11:06:45:974
Curitiba-PR,12,25,40%,80%,20/06/2020,11:06:47:20
Rio de Janeiro-RJ,16,31,37%,60%,20/06/2020,11:06:52:102
Natal-RN,23,29,49%,67%,20/06/2020,11:06:54:358
Porto Velho-RO,22,32,47%,85%,20/06/2020,11:06:55:442
Boa Vista-RR,23,30,49%,97%,20/06/2020,11:06:00:557
Florianópolis-SC,18,29,70%,82%,20/06/2020,11:06:01:895
Aracaju-SE,24,31,52%,78%,20/06/2020,11:06:03:966
São Paulo-SP,14,27,42%,70%,20/06/2020,11:06:04:986
Palmas-TO,21,34,26%,57%,20/06/2020,11:06:05:888
Porto Alegre-RS,17,31,27%,74%,21/06/2020,11:06:17:636
Rio Branco-AC,20,33,48%,84%,21/06/2020,11:06:28:325
Maceió-AL,22,29,57%,70%,21/06/2020,11:06:30:127
Manaus-AM,23,32,42%,81%,21/06/2020,11:06:30:715
Macapá-AP,23,30,53%,82%,21/06/2020,11:06:31:287
Salvador-BA,21,28,57%,69%,21/06/2020,11:06:33:60
Fortaleza-CE,23,31,63%,73%,21/06/2020,11:06:33:605
Brasília-DF,13,26,34%,87%,21/06/2020,11:06:34:357
Vitória-ES,19,29,67%,77%,21/06/2020,11:06:34:875
Goiânia-GO,16,30,34%,72%,21/06/2020,11:06:35:605
São Luís-MA,23,32,50%,74%,21/06/2020,11:06:36:360
Belo Horizonte-MG,15,26,46%,83%,21/06/2020,11:06:37:26
Campo Grande-MS,18,31,27%,59%,21/06/2020,11:06:37:574
Cuiabá-MT,20,36,24%,57%,21/06/2020,11:06:38:415
Belém-PA,24,33,47%,86%,21/06/2020,11:06:39:03
João Pessoa-PB,23,30,52%,71%,21/06/2020,11:06:40:798
Recife-PE,22,30,48%,58%,21/06/2020,11:06:42:563
Teresina-PI,23,33,42%,75%,21/06/2020,11:06:44:356
Curitiba-PR,12,26,40%,69%,21/06/2020,11:06:53:997
Rio de Janeiro-RJ,18,32,37%,61%,21/06/2020,11:06:56:111
Natal-RN,22,30,45%,60%,21/06/2020,11:06:02:123
Porto Velho-RO,22,33,44%,79%,21/06/2020,11:06:03:643
Boa Vista-RR,23,30,46%,85%,21/06/2020,11:06:08:832
Florianópolis-SC,18,30,73%,81%,21/06/2020,11:06:10:533
Aracaju-SE,23,29,52%,80%,21/06/2020,11:06:15:409
São Paulo-SP,15,28,40%,75%,21/06/2020,11:06:21:669
Palmas-TO,23,34,35%,50%,21/06/2020,11:06:22:977
Porto Alegre-RS,17,24,47%,75%,22/06/2020,11:06:17:520
Rio Branco-AC,21,33,46%,86%,22/06/2020,11:06:30:380
Maceió-AL,20,29,58%,73%,22/06/2020,11:06:30:736
Manaus-AM,24,32,47%,83%,22/06/2020,11:06:31:32
Macapá-AP,24,30,56%,88%,22/06/2020,11:06:31:361
Salvador-BA,22,26,66%,75%,22/06/2020,11:06:31:688
Fortaleza-CE,24,31,61%,71%,22/06/2020,11:06:31:970
Brasília-DF,11,27,32%,79%,22/06/2020,11:06:32:286
Vitória-ES,16,29,70%,81%,22/06/2020,11:06:32:572
Goiânia-GO,13,31,24%,53%,22/06/2020,11:06:32:883
São Luís-MA,25,31,43%,72%,22/06/2020,11:06:33:172
Belo Horizonte-MG,11,26,31%,70%,22/06/2020,11:06:33:480
Campo Grande-MS,17,31,31%,60%,22/06/2020,11:06:33:933
Cuiabá-MT,19,36,24%,57%,22/06/2020,11:06:34:242
Belém-PA,24,32,50%,93%,22/06/2020,11:06:34:538
João Pessoa-PB,21,30,46%,74%,22/06/2020,11:06:34:819
Recife-PE,23,30,48%,59%,22/06/2020,11:06:35:986
Teresina-PI,22,33,38%,72%,22/06/2020,11:06:36:910
Curitiba-PR,11,25,41%,78%,22/06/2020,11:06:37:960
Rio de Janeiro-RJ,18,31,38%,55%,22/06/2020,11:06:43:867
Natal-RN,22,30,41%,65%,22/06/2020,11:06:46:91
Porto Velho-RO,23,33,43%,81%,22/06/2020,11:06:47:211
Boa Vista-RR,24,29,46%,80%,22/06/2020,11:06:52:502
Florianópolis-SC,15,28,70%,90%,22/06/2020,11:06:53:690
Aracaju-SE,23,28,56%,82%,22/06/2020,11:06:55:315
São Paulo-SP,15,27,38%,65%,22/06/2020,11:06:56:448
Palmas-TO,19,33,29%,51%,22/06/2020,11:06:01:380
Porto Alegre-RS,14,29,26%,77%,23/06/2020,11:06:18:144
Rio Branco-AC,21,34,47%,81%,23/06/2020,11:06:39:844
Maceió-AL,22,27,63%,72%,23/06/2020,11:06:01:108
Manaus-AM,24,31,60%,93%,23/06/2020,11:06:16:347
Macapá-AP,24,33,63%,97%,23/06/2020,11:06:17:907
Salvador-BA,20,29,68%,74%,23/06/2020,11:06:18:980
Fortaleza-CE,24,30,61%,71%,23/06/2020,11:06:20:326
Brasília-DF,14,26,39%,74%,23/06/2020,11:06:21:536
Vitória-ES,15,28,65%,73%,23/06/2020,11:06:22:956
Goiânia-GO,11,29,31%,60%,23/06/2020,11:06:24:271
São Luís-MA,24,32,46%,87%,23/06/2020,11:06:25:591
Belo Horizonte-MG,10,26,30%,55%,23/06/2020,11:06:26:951
Campo Grande-MS,17,31,23%,54%,23/06/2020,11:06:28:359
Cuiabá-MT,20,36,19%,52%,23/06/2020,11:06:29:740
Belém-PA,24,32,52%,95%,23/06/2020,11:06:31:706
João Pessoa-PB,21,30,52%,72%,23/06/2020,11:06:33:268
Recife-PE,23,30,49%,62%,23/06/2020,11:06:38:426
Teresina-PI,22,33,37%,70%,23/06/2020,11:06:39:917
Curitiba-PR,11,24,46%,79%,23/06/2020,11:06:41:341
Rio de Janeiro-RJ,15,30,30%,61%,23/06/2020,11:06:46:552
Natal-RN,21,30,42%,64%,23/06/2020,11:06:48:267
Porto Velho-RO,22,34,46%,84%,23/06/2020,11:06:49:435
Boa Vista-RR,23,30,57%,92%,23/06/2020,11:06:54:595
Florianópolis-SC,17,27,77%,96%,23/06/2020,11:06:55:880
Aracaju-SE,23,28,57%,83%,23/06/2020,11:06:57:660
São Paulo-SP,14,27,33%,66%,23/06/2020,11:06:58:980
Palmas-TO,20,34,31%,62%,23/06/2020,11:06:00:975
Porto Alegre-RS,16,29,22%,60%,24/06/2020,11:06:17:251
Rio Branco-AC,22,32,58%,93%,24/06/2020,11:06:37:737
Maceió-AL,21,28,64%,70%,24/06/2020,11:06:58:154
Manaus-AM,23,33,44%,95%,24/06/2020,11:06:18:559
Macapá-AP,24,32,57%,92%,24/06/2020,11:06:49:341
Salvador-BA,22,29,64%,70%,24/06/2020,11:06:19:888
Fortaleza-CE,24,30,65%,69%,24/06/2020,11:06:50:440
Brasília-DF,15,27,43%,89%,24/06/2020,11:06:52:704
Vitória-ES,16,27,61%,67%,24/06/2020,11:06:53:19
Goiânia-GO,14,30,37%,69%,24/06/2020,11:06:53:742
São Luís-MA,25,32,47%,74%,24/06/2020,11:06:54:48
Belo Horizonte-MG,9,25,41%,65%,24/06/2020,11:06:54:377
Campo Grande-MS,18,30,25%,48%,24/06/2020,11:06:54:663
Cuiabá-MT,19,35,24%,54%,24/06/2020,11:06:54:979
Belém-PA,23,33,55%,89%,24/06/2020,11:06:55:343
João Pessoa-PB,22,30,56%,79%,24/06/2020,11:06:00:837
Recife-PE,24,30,46%,66%,24/06/2020,11:06:02:214
Teresina-PI,24,34,43%,73%,24/06/2020,11:06:03:842
Curitiba-PR,9,24,28%,75%,24/06/2020,11:06:05:230
Rio de Janeiro-RJ,12,30,27%,49%,24/06/2020,11:06:10:680
Natal-RN,23,30,40%,71%,24/06/2020,11:06:12:55
Porto Velho-RO,22,34,47%,81%,24/06/2020,11:06:13:122
Boa Vista-RR,24,32,72%,97%,24/06/2020,11:06:18:215
Florianópolis-SC,19,27,72%,85%,24/06/2020,11:06:19:267
Aracaju-SE,23,28,56%,83%,24/06/2020,11:06:28:885
São Paulo-SP,13,27,31%,52%,24/06/2020,11:06:34:664
Palmas-TO,23,33,30%,65%,24/06/2020,11:06:36:172
Porto Alegre-RS,13,25,43%,74%,25/06/2020,11:06:17:607
Rio Branco-AC,22,32,60%,91%,25/06/2020,11:06:38:109
Maceió-AL,22,27,67%,70%,25/06/2020,11:06:00:66
Manaus-AM,23,33,43%,84%,25/06/2020,11:06:23:950
Macapá-AP,23,30,57%,89%,25/06/2020,11:06:55:106
Salvador-BA,22,28,67%,72%,25/06/2020,11:06:27:848
Fortaleza-CE,24,30,67%,72%,25/06/2020,11:06:29:547
Brasília-DF,13,27,33%,82%,25/06/2020,11:06:30:820
Vitória-ES,17,28,65%,75%,25/06/2020,11:06:31:193
Goiânia-GO,15,31,37%,70%,25/06/2020,11:06:33:57
São Luís-MA,24,31,52%,83%,25/06/2020,11:06:38:749
Belo Horizonte-MG,13,26,34%,72%,25/06/2020,11:06:40:515
Campo Grande-MS,20,29,30%,56%,25/06/2020,11:06:41:692
Cuiabá-MT,23,35,26%,63%,25/06/2020,11:06:42:905
Belém-PA,24,33,50%,93%,25/06/2020,11:06:44:118
João Pessoa-PB,23,29,58%,78%,25/06/2020,11:06:46:879
Recife-PE,22,29,47%,67%,25/06/2020,11:06:48:597
Teresina-PI,22,33,43%,68%,25/06/2020,11:06:50:249
Curitiba-PR,11,25,36%,73%,25/06/2020,11:06:51:618
Rio de Janeiro-RJ,14,32,28%,52%,25/06/2020,11:06:53:236
Natal-RN,22,28,47%,70%,25/06/2020,11:06:54:556
Porto Velho-RO,23,33,46%,84%,25/06/2020,11:06:56:150
Boa Vista-RR,23,29,59%,95%,25/06/2020,11:06:02:515
Florianópolis-SC,16,29,70%,77%,25/06/2020,11:06:04:460
Aracaju-SE,23,28,60%,87%,25/06/2020,11:06:06:997
São Paulo-SP,15,28,38%,66%,25/06/2020,11:06:13:255
Palmas-TO,21,33,25%,53%,25/06/2020,11:06:15:107
Porto Alegre-RS,8,15,35%,71%,26/06/2020,11:06:18:765
Rio Branco-AC,21,33,52%,89%,26/06/2020,11:06:30:42
Maceió-AL,22,28,69%,71%,26/06/2020,11:06:31:710
Manaus-AM,24,32,44%,85%,26/06/2020,11:06:32:741
Macapá-AP,24,33,58%,93%,26/06/2020,11:06:34:990
Salvador-BA,22,29,67%,72%,26/06/2020,11:06:36:881
Fortaleza-CE,24,30,64%,70%,26/06/2020,11:06:38:24
Brasília-DF,13,27,27%,71%,26/06/2020,11:06:39:669
Vitória-ES,17,29,66%,75%,26/06/2020,11:06:40:717
Goiânia-GO,15,31,30%,72%,26/06/2020,11:06:41:823
São Luís-MA,24,31,50%,86%,26/06/2020,11:06:43:84
Belo Horizonte-MG,13,27,40%,76%,26/06/2020,11:06:44:361
Campo Grande-MS,15,24,54%,99%,26/06/2020,11:06:45:390
Cuiabá-MT,22,32,37%,84%,26/06/2020,11:06:46:523
Belém-PA,24,32,57%,96%,26/06/2020,11:06:47:844
João Pessoa-PB,22,29,58%,84%,26/06/2020,11:06:53:137
Recife-PE,22,29,51%,68%,26/06/2020,11:06:54:398
Teresina-PI,24,33,40%,79%,26/06/2020,11:06:59:384
Curitiba-PR,10,16,65%,96%,26/06/2020,11:06:01:184
Rio de Janeiro-RJ,17,28,42%,77%,26/06/2020,11:06:02:357
Natal-RN,21,29,49%,71%,26/06/2020,11:06:03:461
Porto Velho-RO,23,34,46%,85%,26/06/2020,11:06:05:48
Boa Vista-RR,24,32,60%,87%,26/06/2020,11:06:10:261
Florianópolis-SC,13,18,59%,80%,26/06/2020,11:06:11:296
Aracaju-SE,22,29,54%,83%,26/06/2020,11:06:12:993
São Paulo-SP,15,21,60%,82%,26/06/2020,11:06:14:347
Palmas-TO,23,33,32%,64%,26/06/2020,11:06:15:636
Porto Alegre-RS,7,16,43%,55%,27/06/2020,11:06:17:140
Rio Branco-AC,22,29,60%,94%,27/06/2020,11:06:29:35
Maceió-AL,21,27,67%,69%,27/06/2020,11:06:30:375
Manaus-AM,23,33,45%,85%,27/06/2020,11:06:31:811
Macapá-AP,23,33,57%,92%,27/06/2020,11:06:32:926
Salvador-BA,22,29,65%,74%,27/06/2020,11:06:34:175
Fortaleza-CE,23,29,62%,73%,27/06/2020,11:06:35:823
Brasília-DF,13,26,30%,74%,27/06/2020,11:06:37:447
Vitória-ES,17,30,69%,75%,27/06/2020,11:06:38:633
Goiânia-GO,14,30,29%,61%,27/06/2020,11:06:39:810
São Luís-MA,24,31,53%,86%,27/06/2020,11:06:40:973
Belo Horizonte-MG,15,27,32%,77%,27/06/2020,11:06:42:338
Campo Grande-MS,14,21,66%,100%,27/06/2020,11:06:43:236
Cuiabá-MT,20,30,40%,98%,27/06/2020,11:06:44:416
Belém-PA,23,32,53%,92%,27/06/2020,11:06:45:409
João Pessoa-PB,23,28,58%,84%,27/06/2020,11:06:52:295
Recife-PE,22,29,50%,69%,27/06/2020,11:06:53:680
Teresina-PI,23,33,40%,77%,27/06/2020,11:06:55:282
Curitiba-PR,8,13,77%,96%,27/06/2020,11:06:56:935
Rio de Janeiro-RJ,18,30,35%,86%,27/06/2020,11:06:58:108
Natal-RN,22,28,51%,74%,27/06/2020,11:06:59:844
Porto Velho-RO,23,34,46%,84%,27/06/2020,11:06:02:132
Boa Vista-RR,24,33,47%,92%,27/06/2020,11:06:07:812
Florianópolis-SC,11,16,59%,70%,27/06/2020,11:06:09:78
Aracaju-SE,20,28,52%,83%,27/06/2020,11:06:14:309
São Paulo-SP,14,17,80%,93%,27/06/2020,11:06:15:573
Palmas-TO,22,33,31%,65%,27/06/2020,11:06:17:558
Porto Alegre-RS,5,16,47%,69%,28/06/2020,11:06:17:798
Rio Branco-AC,21,30,59%,93%,28/06/2020,11:06:38:394
Maceió-AL,21,28,71%,74%,28/06/2020,11:06:58:934
Manaus-AM,22,32,45%,86%,28/06/2020,11:06:19:608
Macapá-AP,23,32,57%,93%,28/06/2020,11:06:24:919
Salvador-BA,21,28,71%,75%,28/06/2020,11:06:25:631
Fortaleza-CE,24,30,70%,74%,28/06/2020,11:06:26:269
Brasília-DF,13,27,31%,73%,28/06/2020,11:06:26:879
Vitória-ES,20,27,70%,77%,28/06/2020,11:06:27:300
Goiânia-GO,15,30,33%,77%,28/06/2020,11:06:27:714
São Luís-MA,24,31,53%,84%,28/06/2020,11:06:28:451
Belo Horizonte-MG,14,26,51%,72%,28/06/2020,11:06:28:827
Campo Grande-MS,15,23,60%,100%,28/06/2020,11:06:29:435
Cuiabá-MT,17,30,37%,94%,28/06/2020,11:06:29:915
Belém-PA,23,33,52%,92%,28/06/2020,11:06:30:283
João Pessoa-PB,23,29,60%,89%,28/06/2020,11:06:39:101
Recife-PE,22,28,52%,74%,28/06/2020,11:06:40:901
Teresina-PI,23,33,38%,82%,28/06/2020,11:06:43:800
Curitiba-PR,9,15,68%,96%,28/06/2020,11:06:45:142
Rio de Janeiro-RJ,14,24,53%,73%,28/06/2020,11:06:50:515
Natal-RN,23,29,49%,75%,28/06/2020,11:06:59:58
Porto Velho-RO,22,33,43%,87%,28/06/2020,11:06:00:232
Boa Vista-RR,22,30,49%,85%,28/06/2020,11:06:06:69
Florianópolis-SC,12,19,73%,81%,28/06/2020,11:06:07:284
Aracaju-SE,21,29,59%,93%,28/06/2020,11:06:09:224
São Paulo-SP,12,18,53%,87%,28/06/2020,11:06:14:700
Palmas-TO,21,34,28%,64%,28/06/2020,11:06:16:296
Porto Alegre-RS,8,18,41%,68%,29/06/2020,11:06:22:895
Rio Branco-AC,21,31,55%,86%,29/06/2020,11:06:27:967
Maceió-AL,21,28,67%,74%,29/06/2020,11:06:30:198
Manaus-AM,24,32,52%,89%,29/06/2020,11:06:31:369
Macapá-AP,24,32,56%,88%,29/06/2020,11:06:32:769
Salvador-BA,20,28,65%,72%,29/06/2020,11:06:33:919
Fortaleza-CE,24,31,71%,74%,29/06/2020,11:06:35:39
Brasília-DF,13,26,36%,76%,29/06/2020,11:06:38:267
Vitória-ES,19,25,71%,75%,29/06/2020,11:06:39:378
Goiânia-GO,14,29,31%,64%,29/06/2020,11:06:40:827
São Luís-MA,24,32,53%,77%,29/06/2020,11:06:53:268
Belo Horizonte-MG,14,23,66%,84%,29/06/2020,11:06:55:41
Campo Grande-MS,17,27,45%,89%,29/06/2020,11:06:57:139
Cuiabá-MT,18,32,23%,90%,29/06/2020,11:06:58:597
Belém-PA,23,31,57%,92%,29/06/2020,11:06:01:322
João Pessoa-PB,23,28,59%,86%,29/06/2020,11:06:04:428
Recife-PE,22,29,50%,72%,29/06/2020,11:06:05:827
Teresina-PI,23,34,39%,76%,29/06/2020,11:06:11:386
Curitiba-PR,10,15,69%,93%,29/06/2020,11:06:12:442
Rio de Janeiro-RJ,16,27,50%,70%,29/06/2020,11:06:18:298
Natal-RN,22,28,52%,72%,29/06/2020,11:06:19:909
Porto Velho-RO,23,34,41%,81%,29/06/2020,11:06:22:217
Boa Vista-RR,23,29,60%,96%,29/06/2020,11:06:23:624
Florianópolis-SC,12,19,68%,78%,29/06/2020,11:06:25:287
Aracaju-SE,24,29,54%,86%,29/06/2020,11:06:26:967
São Paulo-SP,13,22,42%,85%,29/06/2020,11:06:28:191
Palmas-TO,21,34,25%,46%,29/06/2020,11:06:29:639